messageId;content
119698928237931_119702351570922;Wie kann man helfen und wie kommt man an die orte die die hilfe brauchen.
119698928237931_119809694893521;Ist noch ein Durchkommen nach Kleckewitz (sprich Raguhn) Richtung Altjeßnitz raus? Da droht ein Damm zu brechen (wurde NICHT saniert nach 2002)... meine Eltern wohnen dort. Würde gern helfen, aber wie komme ich da noch hin? Bleibt nur parken in Bahnhofsnähe und laufen?
137187686479040_137315153132960;Will niemand helfen? Die Leute brauchen jetzt Hilfe! Nicht wenn alles vorbei ist!
138429446351843_138429449685176;"Jetzt heißt es nicht mehr meckern sondern mal mit anfassen.
Jeder einzelne von euch kann helfen, sei es durch Sachspenden, Transport oder mit anpacken.
In dieser Gruppe ist jeder Willkommen der mich unterstützen möchte und den Leuten in den betroffenen Regionen eine kleine Freude bereiten möchte."
141094429416431_141097019416172;Unter 03525/ 5131-920, -922 und -923 können alle Informationen erfragt und auch Sandsäcke geordert werden. Ebenso können sich Helfer registrieren lassen, auf die bei Bedarf zurückgegriffen werden kann.
144463552415147_144606352400867;"
Hallo.... ich befinde mich momentan in der Schweiz auf Montage und muss mit Bedauern ansehen wie Thüringen absäuft....ich möchte Euch anbieten in irgendeiner Form zu helfen....ab Dienstag, 11.6 bin ich wieder in Sonneberg und würde mit ein paar Helfern meiner Firma Euch unterstützen. Aufräumungsarbeiten, Trocknungen ...alles was anfallen würde. ca 1 Woche könnten wir helfen. Wer was weiss oder Hilfe benötigt...bitte meldet Euch. Gruss Illig Tobias
"
145506268972219_145658312290348;Ihr lieben und fleissigen Helfer es ist zur Zeit sehr schwer etwas richtig zu koordinieren   was die Hilfe angeht da man nirgends hinkommt in die verschiedenen Stadtteile. Geht einfach los und schaut in eurer Nähe wer Hilfe braucht.z.B. einfach mal essen, Getränke zusammenpacken und los gehen die Hilfe wird meistens nicht weit von der eigenen Haustür gebraucht.
145506268972219_145677908955055;"Liebe Helfer habe gerade Rücksprache mit dem BRK Passau gehabt. Kleidung und Sachspenden bitte erstmal bei Euch lassen. In erster Linie geht es momentan um die Evakuierung. Unterkünfte bitte mit Telefonnummer per PN uns zusenden!
Freiwillige Helfer bitte meldet euch  bei den bekannten Stellen melden wie FFW, BRK, THW usw. 
Geldspenden bitte an folgendes Konto:
Rotes Kreuz
Konto:240 000 133
BLZ: 740 500 00   Sparkasse Passau
Verwendungszweck: Hochwasser"
164608047054527_164612860387379;"Für die Stadt Eilenburg besteht ""akute Gefahr für die Überflutung der Stadt"". Das teilte die Stadtverwaltung am Montag um 9 Uhr mit. Helft alle wo ihr könnt!"
164608047054527_164618413720157;Hallo Macht es Sinn nach Eilenburg zu kommen um zu helfen würde in 2,5 h aus Bayern da sein habe einen Kleinbus
164608047054527_164619043720094;Die Mühlinsel in Eilenburg. Helft alle zusammen!
164608047054527_164632867052045;+++ DRINGENDER AUFRUF DER FEUERWEHREN +++ Freiwillige Helfer sollen nicht die 112 anrufen. +++ Das blockiere den Notruf für Notfälle. +++
164608047054527_164686717046660;Sucht man irgendwo noch Helfer, nicht unbedingt in Eilenburg am im Umland?
166379666871488_166414896867965;"+++ Hilfe +++
Der Ortsteil Bennewitz kann noch aktive Hilfe gebrauchen, der Parkplatz zum Dreibrücken Bad in Wurzen steht auch unter Wasser...
Mehr Informationen auf:
http://gemeinde-bennewitz.eu/pages/extra-seite-hochwasser/hilfe-fuer-bennewitz.php"
166379666871488_166420643534057;"+++ Hilfe +++
""Wir gehen unter'' Könnten jede helfende Hand gebrauchen um wenigstens den grössten Teil unsere Möbel ins 1OG zu bekommen. Bitte wer Zeit hat soll nach Holleben/Benkendorf kommen. 
Telefon: 01636646709"
166379666871488_166421323533989;"+++ Hilfe +++
Die Stadt Bad Dürrenberg sucht freiwillige Helfer.
Telefon: 03462-9987013"
166379666871488_166427080200080;"WICHTIG:

RT @StadtLeipzig: Freiwillige Helfer bitte nicht bei Bürgertelefon anrufen (Medien-Falschmeldung). Infos für Helfer kommen Nachmittag. #Hochwasser #Leipzig"
166379666871488_166451730197615;"+++ Hilfe +++
Auch in Raguhn werden weiterhin Helfer zur Deichstabilisierung gesucht. Treffpunkt: Bahnhof"
166379666871488_166459913530130;an der Brückenstraße in Leipzig werden DRINGEND Helfer gesucht....
166379666871488_166506943525427;"+++ Hilfe +++
Transporter für den Abtransport von Sandsäcken auf der Halbinsel Poch werden dringend Transportfahrzeuge gesucht!
Telefon: 08000-210000"
166379666871488_166517753524346;"+++ Hilfe +++
In Magdeburg können sich freiwillige Helfer ab morgen melden.
Telefon: 0391/ 540 77 77"
166379666871488_166548090187979;"+++ Hilfe +++
In Markkleeberg im Keesschen Park werden dringend starke Hände gesucht zum Sandsäcke füllen."
166379666871488_166554870187301;"+++ Hilfe +++
Die Stadtverwaltung Halle bittet um Helfer unter anderem im Bereich des Gimritzer Dammes. Freiwillige können sich umgehend an der mobilen Sandabfüllstation am Hubertusplatz nahe des Waldkaters melden."
166379666871488_166556300187158;"+++ Hilfe +++
Das Rathaus bittet alle Leipziger, beim Befüllen von Sandsäcken zu helfen. Hilfe wird dringend benötigt im Kieswerk Hirschfeld (Am Ochsenwinkel 2, Leipzig-Hirschfeld) sowie in der Flussmeisterei (Straße Am Teilungswehr in Leipzig-Großzschoc"
166379666871488_166562593519862;"+++ Hilfe +++
Transporter für Beförderung von Sandsäcken werden dringend benötigt.
Bitte wenden an:
Deutsche Asphalt GmbH AMA Hirschfeld
Am Ochsenwinkel 2
04319 Leipzig
Tel.: (03 42 91) 31 51 87"
166379666871488_166591373516984;Bin auf dem Weg zum Teilungswehr. Ist da noch Bedarf oder ust an anderen Stellen in Leipzig mehr zu tun? Bin leider ohne KFZ aber voller Tatendrang.
166379666871488_166604516849003;"Wir Hilfe jetzt gebraucht zum Sandsäcke befüllen?
"
166379666871488_166606476848807;"+++ Hilfe +++
Freiwillige werden jetzt am Kieswerk Kleinpösna (Kiesgrubenstraße 23) gebraucht!"
166379666871488_166609566848498;Wo gibt es eine Anlaufstelle für freiwillige helfer in bernburg ???
166379666871488_166614106848044;"+++ Hilfe +++
Freiwillige Helfer für Magdeburg können sich ab 8 Uhr beim Bürgertelefon melden!
Telefonnumer: 0391 540 77"
166379666871488_166623656847089;"+++ Eilmeldung +++
Die Lage am Gimritzer Damm in Halle wird für freiwillige Helfer zu gefährlich. Pegel der Saale liegt mit 7,50 Metern weit über den Erwartungen. Laut Stadt nur noch Spezialkräfte im Einsatz."
166379666871488_166627606846694;Wen freiwillige helfer gesucht werden bitte under dieser nr melden 015252432551 danke
166379666871488_515596928508882;"Meldepunkte für Helfer aus der Bevölkerung

1.
Schotter- und Kies-Union GmbH & Co. KG
Kieswerk Hirschfeld
Am Ochsenwinkel 2
04319 Leipzig-Hirschfeld

2.
Landestalsperrenverwaltung Sachsen,
Flussmeisterei Leipzig
Am Teilungswehr 1 (Großzschocher)
04249 Leipzig

Bitte versuchen Sie nicht, dorthin direkt mit dem Auto auf das jeweilige Gelände zu fahren. Parken Sie weiträumig außerhalb, um die an- und abfahrenden LKWs nicht zu behindern. Vielen Dank!


(Quelle: http://www.leipzig.de/de/buerger/newsarchiv/2013/Meldepunkte-fuer-Helfer-25572.shtml)"
172504486252455_172507609585476;Freiwillige Helfer: In allen Regionen bitte nicht die 112 anrufen um Hilfsangebote abzugeben - das blockiert die Notfallzentralen. Bitte wendet euch direkt an die Hilfsorganisationen (Freiwillige Feuerwehr, örtliche Verbände und private Hilfsorganisationen)
172504486252455_172515296251374;An der Brückenstraße in Leipzig helfen Hunderte bis tief in die Nacht. Spenden von Essen/Getränke für die Helfer sind dort gerne gesehen ! Bitte teilen.
172504486252455_172522652917305;"Meldepunkte für Helfer aus der Bevölkerung

(03.06.2013) in Leipzig:



Liebe Helferinnen und Helfer, hier nun wie angekündigt die Anschriften der Befüllplätze für Sandsäcke, an denen Ihre Hilfe benötigt wird:



1.

Schotter- und Kies-Union GmbH & Co. KG

Kieswerk Hirschfeld

Am Ochsenwinkel 2

04319 Leipzig-Hirschfeld



Anfahrt mit dem Auto aus Richtung Leipzig

In Leipzig auf die B2/B95 in Richtung Chemnitz/Borna fahren

An der Autobahnanschlussstelle A38, auf die A38 in Richtung Dresden fahren

Am Autobahndreieck A14 / A38 auf die A14 in Richtung Halle/Magdeburg bis zur Abfahrt Kleinpösna fahren

Nach Verlassen der A14 rechts in die Hersvelder Straße einbiegen

Nach ca. 0,1 km am Ochsenwinkel rechts abbiegen





2.

Landestalsperrenverwaltung Sachsen,

Flussmeisterei Leipzig

Am Teilungswehr 1 (Großzschocher)

04249 Leipzig



Bitte versuchen Sie nicht, dorthin direkt mit dem Auto auf das jeweilige Gelände zu fahren. Parken Sie weiträumig außerhalb, um die an- und abfahrenden LKWs nicht zu behindern. Vielen Dank!"
315785568552740_315900345207929;Hallo ihr lieben! Wer will mit essen kochen für die helfer? Wer hat ideen oder lust was mit zu organisieren und anschließend zu verteilen? Die helfer sind auch durchgefrohren! Am besten wäre ja Eintopf. Ich bin in Wurzen.
337930749644059_337941406309660;Wenn noch jemand Hilfe für Sandsäcke, Aufräumarbeiten oder andere Maßnahmen benötigt, ich bin gern bereit zu helfen! 
337930749644059_338196266284174;Hallo wenn Hilfe gebraucht wird freiwillige Helfer der Feuerwehren Berlin und Brandenburg stehen in Alarm Bereitschaft egal wo!! Gruß Raphael Feuerwehr Brandenburg
337930749644059_338341126269688;Zwickau sucht HELFER! Gesucht werden Freiwillige, die Sandsäcke füllen und an der Mulde stapeln. Damit soll die Innenstadt gegen Wassermassen aus dem Fluss geschützt werden. Helfer sollten Schaufeln mitbringen. Treffpunkte sind die Parkplätze am Alten Gasometer und unter der Glück-Brücke.
337930749644059_338522726251528;Ich könnte als Fahrer ab 18:30 Uhr zur Verfügung stehen. Habe einen kleinen Opel Corsa und komme aus Delitzsch. Einfach melden...antworte schnell.
337930749644059_338580059579128;Wo kann man mithelfen, Sandsäcke zu füllen?
366774546758041_366781876757308;Kann man irgendwo helfen, die Sandsäcke zu füllen?
381501568627772_381705411940721;Die Feuerwehr Manching bittet um Hilfe! Freiwillige werden gesucht, die Sandsäcke befüllen. Hier melden: 084597200 - DANKE!
381501568627772_381906718587257;Die Feuerwehr Manching bittet um Hilfe! Freiwillige werden gesucht, die Sandsäcke befüllen. Hier melden: 084597200 - DANKE! - von Benjamin Liss
400118820101889_400120673435037;ich kann von schleching aus helfen bin mobil soweit ich fahren kann natürlich
400118820101889_400120886768349;ich sitze in unterwössen wenn jemand hilfe braucht
400118820101889_400122593434845;Lauterbach gmd. Rohrdorfer gemeinde wer hilfe braucht
400118820101889_400140870099684;Von Bergen kommt man fast nicht raus aber in Bergen würd ich sofort helfen. Hab gutes Regen gwand
400118820101889_400469260066845;Wird heute irgend welche Hilfe benötigt? Bin mobil und von TS aus kommt man auch ganz gut weg.
400788633368523_400819830032070;wer wenn zum sandsäcke füllen braucht oder anders hilfe braucht einfach anschreiben. habe gerade eine woche urlaub...
400788633368523_400820293365357;Ich könnte ja mithelfen bei der Koordination, habt ihr schon eine Hotline eingerichtet?
400788633368523_400829703364416;Alle nach Manching kommen, hier säuft bald alles ab!!!
400788633368523_400941436686576;Brauchen die Helfer eine Brotzeit (Wurstsemmeln)? Komme aus Langenbruck
400788633368523_400991636681556;Aufräumen, Ausräumen, Keller auspumpen, Sandsäcke füllen ... Daniel Strauch bietet Hilfe an. Danke Daniel!
408099079303402_408121349301175;Wo soll ich helfen
408099079303402_408167919296518;Wir können hier jede helfende Hand nur gerne annehmen . Kommt einfach in die Ritterpflugstr. Ans flutbett. !!!!
408099079303402_408337709279539;"***Bildzeitung***
23.46 Uhr
Noch Helfer in Kleinpösna gesucht
Obwohl bereits hunderte Menschen am Kieswerk in Kleinpösna mit anpacken, ist die Situation dort brenzlig. Noch immer werden Hilfskräfte benötigt."
457286994363580_10151608581678459;Bei der Tischlerei Harald Hillger in Pfützthal werden dringend Sandsäcke benötigt!!! Kann irgendjemand helfen???
457286994363580_457290841029862;"In Raguhn-Jeßnitz ist der Stadtteil Jeßnitz momentan wieder erreichbar. Im Tagesverlauf mussten alle Zufahrtswege zur Vorbeugung gesperrt werden.



In Altjeßnitz (ggü. Autohaus Fietz) und Raguhn (am Bahnhof) wird jede helfende Hand benötigt! Die Lage in Altjeßnitz ist ernst, hier droht ein Deich zu brechen. Für die Nacht werden weiter stark steigende Pegelstände erwartet."
457286994363580_457294231029523;Falls ihr noch Helfer braucht bin ich dabei
457286994363580_457303164361963;Wo kann man sich melden zum helfen und wie sieht mit den Arbeitengeber aus
457286994363580_457333124358967;Göbitz Damm gebrochen. Maßnitz, Göbitz, Torna, Könderitz, Etzoldshain, Minkwitz, Traupitz sowie Bornitz, Draschwitz, Reuden, Predel, Ostrau und Profen werden für Evakuierung vorbereitet. Jede Helfende Hand zählt. In Zeitz in der Besenstrasse werden immer Helfer zum Säcke füllen benötigt.
457286994363580_457334701025476;+++ DAMMBRUCH IN GÖBITZ +++ Maßnitz, Göbitz, Torna, Könderitz, Etzoldshain, Minkwitz, Traupitz sowie Bornitz, Draschwitz, Reuden, Predel, Ostrau und Profen werden für Evakuierung vorbereitet +++ Jede Helfende Hand zählt +++ In Zeitz in der Besenstrasse we
457286994363580_457349744357305;"
Schloss Goseck 

Ich weiß nicht, ob der folgende Hinweis, in erster Linie gedacht für die Dörfer rund um Goseck, vielleicht übertrieben ist. Aber man fühlt sich angesichts des Wassers ringsum der Ebene gegenüber so hilflos hier oben ""auf dem Berg"".

Wenn wir mit/auf Schloss Goseck irgendwie helfen können, dann meldet Euch bitte bei uns...

Mehr anzeigen"
457286994363580_457463027679310;"Wird irgendwo in Bad Dürrenberg Hilfe benötigt?
Darf man in der aktuellen Lage überhaupt vorn mithelfen? Ich würde tun,was ich kann."
457286994363580_457529787672634;+++ ANSPANNUNG AN DER ELBE +++ In Magdeburg hat die Feuerwehr damit begonnen, tausende Sandsäcke zu füllen. +++ Helfer werden Gebeten, sich bei den Feuer-/Wasserwehren vor Ort zu melden +++
457286994363580_457531251005821;+++ Lage in Zeitz/Weiße Elster dramatisch +++ Rund 1000 Bürger evakuiert +++ BM Otto bittet um Hilfe und rechnet mit Ausrufung von Katastrophenalarm. +++ Helfer bitte die örtlichen Sammelpunkte erfragen und aufsuchen +++
457286994363580_457533894338890;"Wäre super, wenn Anlaufstellen für freiwillige Helfer in Wittenberg bekannt gegeben werden könnten.... könnt ihr Euch da mal informieren?
Löschen"
457286994363580_457535304338749;Alle, die gern helfen wollen: Bitte auf der Feuerwache im Steinsgraben in Zeitz melden! Es werden vor allem Helfer für die Notunterkünfte gesucht. telefon: 03441/ 212652
457286994363580_457536411005305;+++ AN ALLE HELFER +++ Bitte auf der Feuerwache im Steinsgraben in Zeitz melden! +++ Es werden vor allem Helfer für die Notunterkünfte gesucht. +++ Telefon: 03441/ 212652 +++
457286994363580_457547301004216;Hier ist die Nummer für die Helferkoordination in Zeitz: 0176/51862572
457286994363580_457548457670767;"+++ HELFERKOORDINATION IN ZEITZ +++ Es wird dringend Hilfe benötigt +++ Bitte unter 0176/51862572 melden +++ 

TEILEN, TEILEN, TEILEN"
457286994363580_457550961003850;"Ich würde gern ab Nachmittag in Naumburg oder Weißenfels helfen. Gibt es Anlaufstellen bzw. Telefonnummern wo man sich melden kann?

"
457286994363580_457551011003845;kann wer in grimma mit helfen?? dort ist es viel heftiger als bei uns in halle
457286994363580_457553047670308;+++ DRINGEND HELFER IN RAGUHN (LK ANHALT-BITTERFELD) GESUCHT +++ Bitte am Bahnhof melden +++ Bürgertelefon für Raguhn-Jeßnitz: 034906-30156 und 034906-30157 +++
457286994363580_457553354336944;Wie kommt man von Naumburg nach Zeitz...wir würden gerne helfen, wenn wir durch Naumburg kommen.
457286994363580_457559801002966;Kann man noch irgendwo rund um Naumburg helfen???
457286994363580_457562067669406;"!!Katastrophenalarm im Landkreis ABI!!

Der Landkreis hat reagiert und den Katastrophenalarm ausgerufen. Die Pegel der Mulde haben die kritische 8 m Marke erreicht - es ist mit einem weiteren Anstieg zu rechnen! ES WERDEN ÜBERALL HELFER BENÖTIGT, da die Pegel jetzt rasant steigen. In Sachsen hat der Regen wieder eingesetzt. Anlaufstellen für Sandsackbefüllung: Raguhn Bahnhof, Altjeßnitz Autohaus Fietz. In der Wasserwehr Greppin werden Helfer eingewiesen!

Bitte informiert euch weiter über den aktuellen Zustand und haltet euch an eventuelle Anweisungen!!"
457286994363580_457584424333837;"Andre Pachulski
Hilfe. Wir gehen unter. Könnten jede helfende Hand gebrauchen um wenigstens den grössten Teil unsere Möbel ins 1OG zu bekommen. Ich könnte heulen. Bitte bitte bitte wer Zeit hat soll nach Holleben/Benkendorf kommen. 01636646709"
457286994363580_457586947666918;"+++ HELFER IN HOLLEBEN/BENKENDORF GESUCHT! +++

Andre Pachulski sucht Hilfe.

"" Wir gehen unter. Könnten jede helfende Hand gebrauchen um wenigstens den grössten Teil unsere Möbel ins 1OG zu bekommen. Ich könnte heulen. Bitte bitte bitte wer Zeit hat "
457286994363580_457588347666778;Wo kann man sich als freiwilliger Helfer melden im Stadtgebiet Halle?
457286994363580_457591404333139;+++ Die Stadt Halle sucht freiwillige Helfer, die Sandsäcke befüllen. +++ Treffpunkt: Parkplatz am Waldkater/Hubertusplatz. +++
457286994363580_457591584333121;+++ Schönebeck richtet Krisenstab ein. +++ Stadt sucht dringend Freiwilligige für Deichwache. +++ Bitte in der Gemeinde vor Ort erkundigen +++
457286994363580_457591827666430;+++ DRINGENDER AUFRUF DER FEUERWEHREN +++ Freiwillige Helfer sollen nicht die 112 anrufen. +++ Das blockiere den Notruf für Notfälle. +++
457286994363580_457592604333019;Wenn jemand aus Bad Dürrenberg Hilfe braucht - melden, ggf. läßt sich was organiseren
457286994363580_457593797666233;"Volksstimme meldet gerade:

Gerwisch sucht dringend Helfer. Sandsäcke müssen gefüllt, der Sommerdeich um 30 Zentimeter erhöht werden. Treffpunkt: 15 Uhr Feuerwehrgerätehaus"
457286994363580_457594607666152;"+++ Aufnahmen aus Raguhn +++ Helfer werden gesucht! Bitte am Bahnhof melden!



Bürgertelefone:

Raguhn-Jeßnitz: 034906-30156 und - 30157

Muldestausee: 034208-799881

Bitterfeld–Wolfen: 03494-6660-142 und -146"
457286994363580_457595230999423;"+++ HELFER IN GERWISCH GESUCHT +++

Die Volksstimme meldet: Gerwisch sucht dringend Helfer. Sandsäcke müssen gefüllt, der Sommerdeich um 30 Zentimeter erhöht werden. Treffpunkt: 15 Uhr Feuerwehrgerätehaus"
457286994363580_457601114332168;Können wir rund um die Uhr in Raguhn oder Jeßnitz helfen? Wir kommen gleich von Nrw nach hause um euch zu helfen.
457286994363580_457605150998431;"Bitte teilen!

Hochwasser: Freiwilllige Helfer gesuch Deich in Gerwisch wird erhöht
Am Montag, dem 3. Juni wurde beschlossen, den Gerwischer Deich ab dem Schöpfwerk in einer Länge von 800 Metern um 30 Zentimeter zu erhöhen. ""Für die Befüllung von Sandsäcken werden deshalb dringend freiwillige Helfer gesucht"", sagt Ortswehrleiter Wolfgang Beckmann, ""wer Zeit hat, möge bitte kommen und uns unterstützen.
Natürlich wurden auch alle Ortswehren alarmiert, aber dennoch wird jede helfende Hand benötigt, denn es gilt 19000 (!) Sandsäcke zu füllen, wie Wolfgang Beckmann sagte.
Bereits am Wochenende hatten die Gerwischer Kameraden gut 1000 Säcke mit Sand befühlt. Jetzt werden sie hauptsächlich damit beschäftigt sein, den Deich fachgerecht zu erhöhen.
Also: Kommen Sie und helfen Sie mit, den Deich zu sichern. Treffpunkt ist 15 Uhr an der Gerwischer Kirche."
457286994363580_457609170998029;"+++ HELFER IN DESSAU GESUCHT +++ 

Wie das THW mitteilte, werden Helfer zum befüllen von Sandsäcken auf der alten Landebahn gesucht."
457286994363580_457610464331233;"+++ HELFER IN DESSAU GESUCHT +++ 



Wie das THW mitteilte, werden Helfer zum befüllen von Sandsäcken auf der alten Landebahn gesucht."
457286994363580_457616464330633;+++ Die Stadt Bad Dürrenberg sucht Freiwillige Helfer, wer möchte kann sich unter der Rufnummer : 03462-9987013 melden. +++
457286994363580_457627297662883;"Wo soll ich Helfen wo es dringend ist !!! 
"
457286994363580_457632360995710;Der Pegel in Trotha hat die historische Marke von 7 Metern überschritten und ist um 14:40 bei 7,03m angelangt. Die Feuerwehr sucht Helfer zum Sandsackbefüllen.
457286994363580_457633430995603;Wo wird Hilfe benötigt?
457286994363580_457634867662126;"Kann man irgendwie in Raum Zeitz noch weiter helfen? 
Sandsäcke haben wir schon fleißig befüllt. Aber man möchte weiter helfen! 
LG"
457286994363580_457638467661766;Ne Übersicht, wo direkt noch Hilfe benötigt wird, wäre schön!
457286994363580_457642944327985;"
Montag, 3.6. 15.02 Uhr: Bitterfelder Krankenhaus wird evakuiert

--------------------------------------------------------------------------------
Das Krankenhaus in Bitterfeld wird jetzt evakuiert. In Dessau-Roßlau rechnet Oberbürgermeister mit höheren Pegeln von Elbe und Mulde als im Jahr 2002. Bewohner der Vororte Sollnitz und Kleutsch sollen sich auf eventuelle Evakuierung vorbereiten. Nun wird auch versucht mit Bigpacks zu verhindern, dass das Muldewasser die A9 nahe Dessau-Süd (Möster Höhen) überflutet. Die ohnehin baufälluige Muldebrücke (Autobahnzubringer/ B 185) in Dessau könnte auch gesperrt werden. An unsanierten Deichen in der Wasserstadt, an der Muluferrandstraße und im Stadtteil Kreuzberg in Dessau drohen Überspülungen, deshalb werden dort Sandsäcke errichtet. 270 Helfer sind derzeit im Einsatz. Es wird Verstärkung benötigt. Treffpunkt: Alte Landebahn in Dessau am Flugplatz. 
Quelle: Radio SAW News-Ticker"
457286994363580_457645724327707;Würden uns gern im Bereich Zeitz und Wetterzeube zum Helfen anmelden...so richtig gibt es keinen Ansprechpartner...an wen muss man sich wenden. Krisenstab verwies nur an DRK - DRK hat es aufgenommen meldet sich aber nicht...sagt bitte wo Ihr im Bereich Zeitz, Wetterzeube Hilfe braucht, helfen gern...
457286994363580_457645830994363;Wohin kann man sich in Halle wenden, wenn man Hilfe zum Sandsäcketragen oder Sonstigen anbieten möchte?
457286994363580_457684334323846;+++ WICHTIG FÜR ALLE BEWOHNER IN- & UM BITTERFELD +++ Ab 17 Uhr Vollsperrung der Straße zwischen Löbnitz & Pouch +++ Auf der Halbinsel Pouch Befüllung von Sandsäcken für alle Betroffenen +++ FREIWILLIGE HELFER GESUCHT! - Treffpunkt: 17 Uhr - Halbinsel Pou
457286994363580_457687657656847;"+++ DU SUCHST HILFE / DU MÖCHTEST HELFEN?? +++

Der MDR bietet unter folgendem Link einen Austausch von Informationen an:"
457286994363580_457692760989670;Wo genau in Greppin wird Hilfe gebraucht?
457286994363580_457704497655163;Wo in Zeitz und Umgebung wird denn noch Hilfe benötigt?
457286994363580_457724847653128;"+++ Aktuelle Bilder von der Alten Landebahn in Dessau, wo derzeit hunderte Helfer von THW, Feuerwehr, Stadtpflege, DB Werk Dessau u.s.w. Sandsäcke im Akkordeon abfüllen. +++



Weitere Helfer werden benötigt!"
457286994363580_457731920985754;Werden in Dessau Deichläufer benötigt?
457286994363580_457746454317634;"+++ HELFER IN VOCKERODE BEI DESSAU GESUCHT +++

Hier müssen Vorbereitungen für die Rettung der A9 getroffen werden. Treffpunkt: Feuerwehr"
457286994363580_457749620983984;Es werden noch Helfer in Dessau gesucht vor allem in Waltersee (Wasserstadt)
457286994363580_457750284317251;+++ TRANSPORTER, LKW'S, ETC. GESUCHT +++ Für den Abtransport von Sandsäcken auf der Halbinsel Poch werden dringend Transportfahrzeuge gesucht!
457286994363580_457773480981598;"In Magdeburg können sich freiwillige Helfer ab morgen hier melden: 0391/ 540 77 77
Quelle: mdr.de"
457286994363580_457781184314161;Bitte um infos. Wo muss ich melden zum helfen?
457286994363580_457783997647213;Wer Hände hat die nichts zu tun haben...Wasserstadt Dessau helfen kommen !!!
457286994363580_457787537646859;Jemand aus der Region um Zörbig der zum Helfen nach Raguhn fährt.?
457286994363580_457789060980040;"+++ HALLE SUCHT HELFENDE HÄNDE +++ 

An der Eissporthalle werden Helfer gesucht!"
457286994363580_457790417646571;Werden eventuell an der mulde dessau noch helfende hände gebraucht?
457286994363580_457793960979550;wo werden helfer in der bitterfelder umgebung gebraucht???
457286994363580_457804197645193;ACHTUNG ACHTUNG: Der Deich in der Wasserstadt in Dessau droht zu brechen. Das THW benötigt unsere Hilfe!
457286994363580_457807910978155;Wird morgen abend auch noch in halle hilfe benötigt da ich erst ab morgen gegen abend kann.???
457286994363580_457810830977863;Weiss jemand ob in schönebeck noch helfer gebraucht werden
457286994363580_457811127644500;Eben habe ich einen Anruf von der Landebahn Dessau erhalten. Es sind ca. 150 Helfer vor Ort. Bei der Einwohnerzahl von Dessau ist das nicht viel. ES WERDEN DINGEND HELFER AN DER LANDEBAHN DESSAU BENÖTIGT? bitte helft - ES KÖNNTE AUCH EUER HAUS SEIN!
457286994363580_457811764311103;"Wo wird hilfe in BTF benötigt?
"
457286994363580_457814190977527;"HILFE IN HALLE???

Wo wird noch gebraucht ???"
457286994363580_457817880977158;wo ist denn ein Treffpunkt in Magdeburg?komme nicht von hier und kenne mich nicht aus.will aber helfen. bitte antworten...
457286994363580_457822774310002;"Weil morgen die Schule ausfällt, würden einige Schüler des Heinrich-Heine-Gymnasiums Bitterfeld Wolfen mit anpacken wollen. Wo wird den besonders Hilfe benötigt?
"
457286994363580_457829030976043;"Auf der alten Landebahn in Dessau-Roßlau können fleißige Helfer sind einfinden und mit Sandsäcke befüllen ;)"
457286994363580_457830284309251;In Kleutsch werden noch Helfer benötigt für die Evakuierung des Tierheimes dort.
457286994363580_457833507642262;"Diese Nachricht haben wir vor ca 40 min von einem Helfer erhalten:

ES WERDEN SEEEEEHR DRINGEND VIELE HELFER IM WALDKATER AN DER HEIDE IN HALLE SAALE GESUCHT WEGEN SANDSÄCKE BEFÜLLEN UND AUFBAUEN JEDE HELFENDE HAND IST UNS WICHTIG!!!!BITTE BITTE KOMMT UND HELFT UNS DIE STADT ZU RETTEN"
457286994363580_457835457642067;"+++ DIE STADT HALLE BESCHREIBT DIE SITUATION ALS ""KRITISCH"" +++ DRINGEND HELFER GESUCHT +++"
457286994363580_457837374308542;+++ EILMELDUNG AUS DESSAU +++ In der Dessauer Hagenbreite gibt ein Deich nach +++ Dringend Helfer mit Sandsäcken benötigt +++
457286994363580_457839834308296;Vockerode braucht für morgen dringend Helfer!!! Ab um 10 uhr !! 
457286994363580_457842797641333;Wo kann man in Magdeburg helfen? 
457286994363580_457843257641287;"Dringende Helfer in Groß Rosenburg an der Saale ab morgen um 10 Uhr gesucht zum Sandsäcke befüllen und schleppen.
Treff: Fabrikstraße auf dem Hof von Graumann's
Es werden auch Leute für die Deichwache gesucht!"
457286994363580_457855037640109;Ab wann kann man morgen in Dessau an der Landebahn helfen?
457286994363580_457855780973368;"Wo wird zurzeit am dringensten Hilfe benötigt?

Darf man jetzt eingentlich schon ab 16 helfen oder nicht?"
457286994363580_457856647639948;Bitte Dringend mit LKW's und Staplern zum THW Dessau Alte Landebahn kommen volle säcke müssen abgeholt werden 
457286994363580_457867564305523;"Komme gerade vom Helfen am gimritzer damm in Halle....
Es schaut mega bescheiden aus.... Helfer werden noch immer gebraucht nur an der koorination  vor Ort muss dringend gearbeitet werden!!"
457286994363580_457870164305263;+++ Hochwasser-Koordinierung für freiwillige Helfer läuft in Zeitz über die Telefonnummer 0172 3784031 +++
457286994363580_457881260970820;Wo wird Hilfe benötigt? Sind aus Köthen und haben zeit
457286994363580_457886087637004;"Hallo zusammen!

Also, ich hab nun mehrfach überlegt, wie auch ich helfen kann.

Folgende Idee:
Ich bin zum einen gelernter Koch aus '' Rachs Restaurantschule 2012 '' als aber auch ausgebildeter Rettungsassistent ...

... wenn IRGENDJEMAND eine Ahnung hat, wo genau meine Hilfe, sei es bei der Verpflegung, als aber auch bei Rettungsmaßnahmen, sprich Evakuierung, Sandsack, etc. gebraucht werden kann/könnte, dann meldet euch doch ...
Kommentiert einfach, oder schreibt mir am besten direkt eine eMail aufs Handy: mishi.kuehnel@gmail.com

P.S.: Ja ich komme zwar aus Hannover, aber, zu euch rüber ist ja nun nicht zwigend so weit =)

LG"
457286994363580_457886570970289;"wo kann ich morgen nach 18 uhr mit
helfen??"
457286994363580_457888067636806;"Benötigt noch wer Hilfe ?
In ganz Deutschland verfügbar"
457286994363580_457888430970103;Ich kann morgen den ganzen tag.Sagt mir bescheid wo
457286994363580_457889024303377;Meine Freundin und ich wollen morgen auch helfen kommen in halle oder Leipzig, kann mir jemand helfen und sagen wo wir uns hinwenden können telefonnummer ect.
457286994363580_457891077636505;Fahre morgen Nachmittag von Roßlau nach Dessau zum Helfen. Könnte noch jemanden mitnehmen ...
457286994363580_457891700969776;Wie kann man helfen? Ich bin in Frankfurt und habe Ferien, zwei Beine und Arme. Wäre schön wenn die Bahn da was machen könnte, bräuchte auch eine schlaf Möglichkeit. Ideen? 
457286994363580_457892764303003;Wie kann ich aus der ferne helfen ?
457286994363580_457900237635589;Scheiße ich komm aus biederitz und ich muss arbeiten würd sofort helfen bin Kraftfahrer
457286994363580_457901164302163;"Ich versuch gerade ne Kieler Gruppe fürs Wochenende zu mobilisieren um zu helfen :)
mit wem kann ich in Kontakt treten um (ca Donnerstag) zu erfahren wo man am ehesten gebraucht wird?"
457286994363580_457902864301993;Soeben wurden alle freiwilligen Helfer und Medienvertreter aufgefordert, die Einsatzstelle am Gimritzer Damm umgehend zu verlassen. Nur die Feuerwehrleute verbleiben noch vor Ort. Wir haben grad keine gute Vorahnung....
457286994363580_457904274301852;Ich kann erst ab Freitag helfen. Werden Sachen, Bettwäsche oder Decken benötigt? Ich möchte aber nicht stören oder als Gaffer gelten. Viele Leute von uns würden Kuchen backen um etwas zu tun. Essen muss man immer. An wen soll ich mich wenden?
457286994363580_457905984301681;grüße...also wenn jemand noch Hilfe brauch in meiner Region(komme aus Köthen) wegen Hochwasser ,am Mittwoch hätte ich zeit.bitte per PN melden.man müsste mich dann eben nur abholen.
457286994363580_457906060968340;+++ Freiwillige Helfer für Magdeburg können sich ab 8 Uhr beim Bürgertelefon melden: (0391) 540 77 +++
457286994363580_457910800967866;kann man irgendwie helfen mit irgendwas -auch wenn man 500 km weg wohnt?würde gern helfen für raguhn jessnitz bitterfeld und so
457286994363580_457911110967835;Kann noch in Raguhn und Sollnitz oder so helfen hab Traktor und Hänger zum Transport von Sandsäcken oder anderes dabei. Sind von Möhlau nur 15 min. für mich. 01705112131 anrufen und ich mach los. oder einfach so Bescheid geben hab Zeit.
457286994363580_457914847634128;"Halle:Auch aus der Innenstadt gibt es neue Meldungen. Der Glauchaer Platz ist komplett gesperrt, hier drückt das Wasser durch die Gullydeckel, alles steht unter Wasser. Am Gimritzer Damm wird jetzt weiter gearbeitet. Auch die freiwilligen Helfer sind wieder im Einsatz. Die ""Evakuierung"" vorhin erfolgte nur vorsorglich."
457286994363580_457915374300742;Wer zeit hat, komme an die spitze in halle.
457286994363580_457917067633906;+++Wasserstadt in Dessau nicht mehr für Freiwilligehelfer frei+++ Muldepegel nicht mehr ablesbar an Dessauer Muldebrücke+++   
457286994363580_465255473557824;Am Gimritzerdam wird noch Hilfe gesucht Sandsäcke füllen und verladen Sammelstelle ist am Hubertusplatz Nähe waldkarter
457286994363580_524642120904730;"HalleON.de
Am 15.03.1947 wurde in Trotha der an dieser Station bis vor einer Stunde höchste Pegel aller Zeiten bei 7,00 Metern gemessen. Jetzt sind wir bei 7,07m (15:29 Uhr). Wenn ihr Zeit und Kraft habt, könnt ihr euch zum Sandsackbefüllen melden. Alle Infos dazu auf "
457286994363580_590899304267233;"Wer die Einsatzkräfte beim Sandsackfüllen unterstützen möchte, kann sich beim Bürgertelefon melden.

Die Landeshauptstadt hat unter (0391) 540 77 77 ein Bürgertelefon geschaltet, das ab Dienstag von 8.00 bis 22.00 Uhr geschaltet ist."
488135141256159_488141287922211;"Lokalräumung in Stein: WELLENSPIEL!
Helfer ab 8:00 früh gesucht!!!!"
488135141256159_488149464588060;"Diese Personen würden Helfen einfach bei diesen Personen melden!
--------------------------
https://www.facebook.com/niina.ha.7
(Raum: St.Valentin - Steyr)
------------
https://www.facebook.com/sascha.bittner.3
(Raum: Krems)
-----------
https://www.facebook.com/niklas.fuchs1
Steyr/Garsten
----------
In kürze weitere Helfer!"
488135141256159_488426724560334;"VON: Sabrina Zeugswetter
Kloster Und in Stein würde Sandsäcke benötigen!!!!"
488135141256159_488444691225204;"Denise Dvorak möchte euch wieterhin mit Semmeln, Broten und Getränke aushelfen:

Zu wählen und nennen ist: 144, Rotes Kreuz Herzogenburg, Denise Dvorak.
Ab 15 Uhr hat hat sie Zeit für Betroffene."
488135141256159_488446901224983;ACHTUNG: Jeder der helfen will, einfach nach Stein kommen und Hilfe anbieten, es gibt einige die Hilfe brauchen, z. B. auch Sandsäcke füllen und schlichten usw.
525390524175222_525412707506337;Suche Mitfahrgelegenheit zur Hochwassergebieten von Amberg in der Opf. zum helfen!
525390524175222_525414774172797;Würde auch gern helfen bin ausgebildeter wasserretter und sanitäter komm aus der nähe hersbruck
525390524175222_525414854172789;wird vor Ort noch Hilfe benötigt ? hab mich bereits über Antenne Bayern gemeldet aber noch keine Rückmeldung bekommen, bin so weit fertig und könnte losfahren, Sandsäcke befüllen o.ä.
525390524175222_525421374172137;also in landkreis-kelheim droht ein deich zu brchen also wer hin kann es werden pumpen und sandsäcke gebraucht und leute
525390524175222_525422790838662;ich würde auch jederzeit helfen, egal welcher art. Bitte einfach bescheid geben! (Gebiet Passau)
525390524175222_525426424171632;Die Feuerwehr Manching sucht Helfer zum Sandsäcke befüllen. Helfer sollen sich unter der 084597200 melden, sodass dies koordiniert werden kann!
525390524175222_525458954168379;Hallo, ich bin Mitglied in der Freiwilligen Feuerwehr Markt Ipsheim. Dort bin ich stellv.  Kommandant und ausgebildeter Zugführer. Gerne helfe ich in einem der Katastrophengebiete mit.
525390524175222_525460827501525;Ich bin ebenfalls Zugführer der Freiwilligen Feuerwehr und komme natürlich zur Hilfe!
525390524175222_525525937495014;Also laut Telefonauskunft entspannt sich die Lage in Manching da sehr sehr viele Helfer vor Ort sind
525390524175222_525552867492321;Kann tag & nacht helfen ! Man gibt sein bestes !!
525390524175222_525553500825591;Ich habe Mittwoch und Donnerstag vorraussichtlich  frei also ich kann helfen an den Tagen.
525390524175222_525584247489183;Kann man noch wo helfen? würde gerne helfen gehen hab aber leider kein Auto komme aus Nürnberg.
525390524175222_525585484155726;Gehör auch zu passau ! Passau - vilshofen könnte ich helfen !
525979140771128_526020680766974;"Wenn jemand hilfe braucht

AUFRÄUMEN
SANIEREN
RENOVIEREN
ENTRUMMPELN

ETC.

einfach pn an mich, habe urlaub und helfe gern."
525979140771128_526220314080344;Braucht jemand in oederan oder Umgebung Hilfe? Hab noch vier Stunden bis ich meine Mäuse wieder abholen muss
525979140771128_526243674078008;werden noch helfer für leipzig gesucht
525979140771128_526262817409427;weiß jemand, ob in Leisnig und Umgebung aktuell noch Hilfe gebraucht wird?
525979140771128_526267370742305;"Hallo liebe Sachsen,
ich bin zwar Preuße aber dezeit 2 Wochen auf ""Studienreise"" in Dippoldiswalde und Umgebung unterwegs.
Wenn jemand in der nähe 2 Hände und ein Auto braucht, schreibt mich an."
525979140771128_526282004074175;"Wo wird in Freiberg und Umgebung noch Hilfe benötigt??? 

Wir erhalten zahlreiche Hilfsangebote auf Einfach Freiberg, aber alle uns bekannten Stellen verfügen aktuell über ausreichend Helfer."
525979140771128_526316597404049;+++ Leipzig: SEHR DRINGEND AB SOFORT HELFER GESUCHT!!! Am Reiterhof Knauthain und an der Brückenstraße...die Dämme sind kurz vor dem Brechen und jede helfende Hand ist gerade notwendig! +++
525979140771128_526324177403291;Wer Hilfe in Chemnitz und Umgebung brauch: bitte melden!
525979140771128_526337157401993;Ich biete auch meine Hilfe an für morgen früh. Im Raum Dresden! Einfach melden
525979140771128_526337227401986;Wo kann ich im Raum Oederan helfen? Auto + zwei Hände sind verfügbar für den Rest des heutigen Abends.
525979140771128_526341064068269;ich wäre auch gern bereit zu helfen, im raum leipzig. ich bin jedoch auf öffentliche verkehrsmittel angewiesen. bei bedarf geb ich zur besseren koordination gerne meine handynummer raus.
525979140771128_526341740734868;"Ein großes Lob an den Gründer dieser Gruppe, ich denke es gibt sehr viele Menschen, die gern helfen würden, aber nicht genau wissen wo genau sie sich hinwenden sollen und ihr Hilfe anbieten können (wie ich zum Beispiel)

Demnach biete ich also meine Hilfe im Raum Plauen an und hoffe, dass sie gebraucht wird!"
525979140771128_526344440734598;"Gudrun Ebert
In Leipzig an der Brückenstrasse drohen die Dämme am brechen! Es wird um jede helfende Hand gebeten!
vor 4 Minuten"
525979140771128_526366670732375;Wir haben hier viele die Hilfe anbieten. Schreibt nochmal wer Hilfe braucht denn in der masse geht einiges unter. Danke
525979140771128_526373757398333;biete unterkunft und hilfe an im raum chemnitz...auch mit baby möglich =) einfach anschreiben lg nina
525979140771128_526374754064900;Kann auch helfen egal wo bin bereit nur schreiben und ich bin da ok lg maik !!!!!!!!!
525979140771128_526375257398183;Biete Hilfe Rings um Freiberg an eventuele wasserabwehr und aufräum arbeiten nach der flut...sind zu zweit und mobil auch für besorgungen stehen wir zur verfügung
525979140771128_526376974064678;Kann im raum Flöha und Freiberg helfen
525979140771128_526378657397843;es werden dringen helfende hände benötigt da der damm in knautkkleeberg zu brechen scheint.Deshalb sollen alle freiwilligen Helfer bitte ins Kieswerk Kleinpösna (Kiesgrubenstraße 23 04319 Leipzig), um Sandsäcke zu füllen. Am Damm direkt werden keine Helfer benötigt da es dort zu gefährlich wird
525979140771128_526380480730994;wer hilfe braucht bitte per pn an mich melden müsste blos abgeholt werden da ich kein geld mehr habe standort mittweida
525979140771128_526382244064151;"Wo kann ich im Raum Oederan helfen? 
Heute Abend hat keiner angefragt, am Mittwoch + Donnerstag kann ich auch wieder, ab 16:00 Uhr. Wer also kostenlose Hilfe beim Aufräumen braucht, bitte melden. Auto + zwei Hände sind verfügbar."
525979140771128_526396174062758;"noch mal mein angebot wer hilfe braucht bitte per pn an mich melden müsste blos abgeholt werden da ich kein geld mehr habe standort mittweida

und ich hab probleme mit den logo runter laden per handy deshalb setze  ic  es noch ma so rein da kann es jeder haben"
525979140771128_526397277395981;Biete Hilfe an. Leipzig oder Eilenburg. Gern auch Quartier,gern mit Haustieren.
525979140771128_526401037395605;"Erstmal Danke an die Helfer der BF, der FFW, des THW und allen anderen freiwilligen Helfern. Ich bin stelv. Elternsprecher der Klasse 7b der Lernförderschule in Flöha und suche auf diesem Wege noch Helfer die uns beim aufräumen und säubern der Schule helfen können. Beginn wäre morgen 9:00. Die Kirchbrücke ist leider noch nicht passierbar, daher muss der Umweg über die neue Umgehungsstraße genommen werden. Wir würden uns freuen wenn sich einige finden und uns beim aufräumen unterstützen.

Danke im Vorraus und allen Betroffenen alles Gute

Jens Volkmann"
532778473454419_532811120117821;Bei Bedarf helf ich gern auch aus
532778473454419_532820716783528;"Ich kann zwar keine freien Schlafplätze anbieten, aber biete Hilfe beim Räumen und jeglicher Art, wo ich was tun kann, an. Bitte gebt mir bescheid! ;)"
532778473454419_532820896783510;Falls trotzdem jemand medizinische Hilfe benötigt meldet euch...!!!
532778473454419_532821346783465;Wer hilfe braucht in und um Chemnitz kann sich hier melden vorallem schlafplätze! 
532778473454419_532846933447573;Wer Hilfe braucht bitte melden.
532778473454419_532862620112671;Helfe gern - wo soll ich hinkommen?
532778473454419_532866006778999;Wer hilfe braucht einfach melden
532778473454419_532885950110338;Also in diesem Sinne will ich auch meine Hilfe anbieten ganz gleich um was es sich handelt... ob aus chemnitz oder Umgebung... ihr sollt wissen das ich da bin um zuhelfen... und ich werde alles erdenklich mögliche mache um zu helfen soweit es mir möglich ist....
532778473454419_532886923443574;Wo kann man noch mit anpacken in Chemnitz... Ich möchte was tun.
532778473454419_532893760109557;wir suchen freiwillige Helfer die mit nach Erfenschlagzum Nachteinsatz kommen und helfen ...desweiteren benötigen wir Regenkleidung und Gummistiefel,wer kann helfen ?
532778473454419_532896680109265;Ich hab nächste Woche Urlaub und könnte beim Putzen/Aufräumen/was auch immer helfen!
532778473454419_532909316774668;Ab ca. 22.30-23.00 Uhr bin ich dann im Ortsteil Ottendorf (bei Mittweida) unterwegs! Bei Hilfe in dieser Gegend bitte anrufen! Jeanette Straßner hat meine Nummer!
532778473454419_532912096774390;"Hey es ist nie auszuschließen das jemand 1.Hilfe
Benötigt..ich denke wer das beherrscht kann AUch da helfen..
Egal ob ersthelfer,Leihe oder Sanitäter.."
532778473454419_532919436773656;Eine Studenten und Ich haben morgen auch Zeit, wenn jemand einen Ort weiß, wo man helfen kann oder direkt jemand Hilfe braucht. :) Wir haben ein Auto bereit stehen.
532778473454419_532919543440312;Wenn ihr Hilfe braucht im Raum stl da würde ich da sein ! Hab gummistiefel und klapp Spaten im Auto ! 0175/4927405 bin noch bis 23:00 wach denk ich
532778473454419_532920363440230;In Aue werden noch dringend Leute benötigt zum schaufeln und fahren von sandsacken! Die Lage wird noch ernster da die talsperren heut Nacht nochmal abgelassen werden müssen. Bitte helfen und/oder teilen.
532778473454419_532922196773380;Wer Hilfe benötigt soll sich bitte melden!
532778473454419_532943053437961;"Gerade noch reingekommen. für die aus der nähe

HILFE HOCHWASSER!!!!! HELFT 04720 DÖBELN: WIR BRAUCHEN HILFE VON AUSSEN: BITTE TEILEN SO OFT WIE MÖGLICH: BITTE WENDET EUCH AN DAS THW ODER DRK UND FEUERWEHR IN DÖBELN !!"
532778473454419_532944606771139;In Aue dem städtischen Betriebshof (beim Bahnhof) wird jede helfende Hand gebraucht!!! Es geht darum, dass dort wirklich wirklich wirklich jeder Helfer gebraucht wird. Und es fahren dort auch schon Einige seit Stunden Sandsäcke hin und her. Man kommt ran - über Hartenstein und  Lösnitz  also über die Umgehungsstrasse, da geht es noch am besten. Wer zieht die Gummistiefel an und ist bereit los zu fahren?
532778473454419_532948833437383;Wir haben freie schlafplätze in Burgstädt: wo wird hilfe gebraucht ich komme?
532778473454419_532953896770210;"Hallo
würden auch gern vor Ort helfen. Wo werden wir den gebraucht bzw. wo kommen wir vom Kaßberg aus hin?"
532778473454419_532974223434844;wir kommen gerade vom einsatz! wenn in nächster zeit noch jemand hilfe braucht... wir wären da :D
532778473454419_532976046767995;Feuerwehr Glauchau braucht immer noch Hilfe. Geht hin und füllt mit Sandsäcke!!!! Das wäre supi :) Wir kommen grad von da!! Beste Grüße :) von Irr Licht
532778473454419_532982690100664;http://www.asb-ov-chemnitz.de/ Aktuelle Information: Helfer können sich dort melden!
532778473454419_532987923433474;Hi. Wo kann man körperlichen Einsatz leisten? Habe zeit und würde gern Unterstützung leisten! Infos mit Nummer erbeten!https://www.facebook.com/maik.schneider.1675?hc_location=stream
532778473454419_533091993423067;Wird in Erfenschlag noch Hilfe benötigt? Könnte nochmal hinkommen.
532778473454419_533120496753550;braucht die feuerwehr noch hilfe am erfenschlag? weiß da jemand was?
532778473454419_533152400083693;"wenn jmd einen schlafplatz braucht oder sowas kann ich versuchen zu helfen. Wohne in Lugau, das ist noch gut erreichbar und hat derzeit keine Probleme..sonst kann ich auch evtl. Leute versorgen, Auto habe ich..
versuche heute in stollberg zu helfen falls nötig, sonst in Chemnitz, arbeite in Chemnitz,könnte also auch MFG anbieten

einfach melden bitte"
532778473454419_533153390083594;Biete schlafplätze für 3*2 personen in getrennten räumen. Zudem haben wir nun ne Truppe von Leuten zam gestellt die irgendwo helfen wollen, bitte meldet euch
532778473454419_533180853414181;Würde gewisse Menge an finanziellen Mitteln bereitstellen, sei es für Lebensmittel, Kleidung oder ähnliches. Dazu auch meine zwei Hände für Aufräumarbeiten, wer sie benötigt.
532778473454419_533192256746374;Hilfsangebot der HWK Chemnitz für alle Betroffenen
532778473454419_533199560078977;03.06.2013 14:10 Uhr / Gerade geführtes Telefonat mit dem Einsatzstab Chemnitz ergab: Momentan werden direkt in Chemnitz keine Privatpersonen als Helfer benötigt, da primär die Einsatzkräfte der FW und THW usw Keller leer pumpen. Eventuell werden zu einem späteren Zeitpunkt Helfer benötigt, Sperrmüll aus den Häusern zu tragen. Dies wäre über ASR in Chemnitz zu erfragen. Für den Umkreis konnte im Gespräch keine Aussage getroffen werden! Darf geteilt werden
532778473454419_533203710078562;In Zwickau ist eine Firma komplett abgesoffen, dort wird dringend Hilfe gebraucht. Gibts Leute, die dort helfen würden?
532778473454419_533224030076530;"Zeitz: Land unter im Zeitzer Tierheim; finanzielle und materielle Unterstützung gerne gesehen, aber auch fleißige Hände, die mit anpacken, wenn das Wasser wieder weg ist; Kontakt: 03411 - 219519"
532778473454419_533304033401863;"wird irgendwie oder in irgendeiner art und weise hilfe benötigt... ich bin völlig""abgeschottet"" von dem geschehen hier und verfolge alles nur per handy oder sachsenfernsehen... ich möchte zu gern helfen !!!!"
532778473454419_533312670067666;Helfer in Chemnitz gesucht!
532778473454419_533394236726176;Helfer morgen in Chemnitz gesucht! Sucht Euch raus, was ihr am besten erreichen könnt!
532778473454419_533419083390358;Vielleicht erklären sich manche mit dazu bereit den HELFERN (Feuerwehr, THW, Bundeswehr) und HELFENDEN HÄNDEN in den besagten Institutionen und Haushalten und Ladenflächen usw. mit kleinen Snacks, belegten Brötchen, Getränken zu unterstützen. Meine Gedanken gehen an Gaststätten,Bistro´s Supermärkte usw. , auch an die private Hausfrau...die gern mit helfen möchte. Was sagt Ihr dazu ?? !! ??
532778473454419_533420810056852;Helfer in Halle gesucht! Vielleicht kennt ihr ja jemanden da!?
532778473454419_533439276721672;Würde mich freuen, wenn sich noch paar Leutz bis morgen früh-mittag melden würden....würde auch meine Küche zum Brötchen belegen etc. frei geben :)jeder bringt was mit und dann geht's los.. die anderen Mädels hole ich mitm Auto ab..
533892479990317_534132106633021;Meißen Kino wird ausgeräumt. Hilfe ist gerne gesehen!
533892479990317_534153739964191;also ich habe zeit und kann helfen, ich bewege mich jetzt richtig theaterplatz. wenn jemand hilfe braucht, dann bitte melden: 0177 747 232 7
533892479990317_534155623297336;wer grad zeit hat... elbstrasse 4 rabener keller muss evakuiert werden
533892479990317_534199463292952;Sand schleppen am Kino! Wer kann bitte helfen kommen!
533892479990317_534310086615223;Wo wird akuell Hilfe benötigt??
534823813232679_534829969898730;Bieten Hilfe für Greiz und Umgebung! Wenn noch wer gebraucht wird, bescheid sagen!
534823813232679_534830663231994;wir helfen gerade ! teile sind schon auf dem weg ! erst bad köstritz bei gera , dann eilenburg bei leipzig ! :-) wir halten euch trocken......zumindestens versuchen wir es.
534823813232679_534832296565164;Wenn jemand weiß wo man um Jena anpacken kann, Bescheid geben! Auch Unterkunft kann geboten werden, für Leute die ihre Häuser verlassen müssen.
534823813232679_534834419898285;Ich würde ja gerne irgendwo ein paar Sandsäcke füllen, aber irgendwie fehlt hier die Info, wo ich meinen Sandkastenspieltrieb bei dem schönen Wetter stillen kann. :(
534823813232679_534864526561941;"""Ines Schmidt"" schrieb: "" In gera max bögl... einfach hinfahren die brauchen jede helfe de hand"""
534823813232679_534867086561685;Mission verpflegung für die helfer beginnt morgen frühn nachmittag bei intresse bitte melden
534823813232679_535136583201402;"+++ 14:30 Uhr +++

In Bad Dürrenberg werden freiwillige Helfer gesucht. Kontakttelefon: 03462/9987013."
534823813232679_535183239863403;"OTZ  3. Juni 15:07
Hallo Resi,

in Gera können sich Helfer unter 0365 – 8383838 melden. Von hier aus koordiniert der Katastrophenschutz die Hilfen. Oder bei der Firma Max Bögel in Langenberg melden. Dort werden Sandsäcke gefüllt. Helfer können sich auch bei den Eisatzkräften der Feuerwehr, des Technischen Hilfswerkes und der Eisatzzentrale direkt an den Eisatzstellen in Debschwitz und Untermhaus wenden. 
In Greiz können sich Helfer an die Infohotline der Stadt Greiz wenden: Telefon 03661-7030.

FÄHRT JEMAND HIN? EVTL. FAHRGEMEINSCHAFTEN ?"
534823813232679_535191633195897;Also in Greiz werden nun keine weiteren Helfer mehr gebraucht - Sandsäcke sind befüllt und beladene Multicars stehen bereit. Ich denke das beruhigt sich die nächsten Tage. Bin jetzt wieder in Jena, falls hier noch irgendwo Hilfe gebraucht wird.
538266862897498_10151432190510880;Loschwitz, 17Uhr. Der Pegel steigt stetig. Anwohner der Pillnitzer Landstraße zur Elbe hin räumen ihre Keller. Das Blaue Wunder soll gesperrt werden. Das Altenheim Pillnitz wird seit Stunden evakuiert. Die Kita bleibt ab morgen geschlossen. Das wird hier eine unruhige Nacht... Wer helfen will, fährt einfach die straße zwischen Loschwitz und Pillnitz entlang. Dort sind überall helfende Hände willkommen.
538266862897498_4933053843929;"WIR BENÖTIGEN DRINGEND HILFE UM DER FLUT ZU ENTGEHEN.



WIR MÜSSEN ÜBER NACHT 36 WECHSELBRÜCKEN (CONTAINER) INNERHALB VON DRESDEN UMSETZEN.

Die Aktion läuft zur Zeit schon. Jedoch geht es nicht so schnell wie geplant. UNS LÄUFT DIE ZEIT DAVON!



Wir benötigen dringend:



EINE oder ZWEI ZUGMASCHINEN zum Transport von WECHSELBRÜCKEN BDF. 



Ganz wichtig BDF ! Es geht voraussichtlich auch ab morgen Früh, denn die Elbe steigt nicht so schnell wie befürchtet. 

Kontakt bitte an:

037204 / 6880

oder:

contact@helmnot.com

oder hier auf facebook.



Bitte helft uns der Flut zu entkommen und TEILT, TEILT, TEILT diesen Beitrag.





Wer kann uns helfen? Wir sind ein frei finanziertes Kulturunternhemen, aber natürlich bezahlen wir auch dafür. In den Wechselbrücken sind Bühnenbilder die wir selber finanziert und gebaut haben. An ihnen hängen nicht nur unsere Herzen, sondern sie sind auch unsere Existenz. 

Informationen zu unserem Theater erfahrt Ihr unter der Website von HELMNOT."
538266862897498_502687703132614;"Wir haben in der Zschierener Schule eine Untestellmöglichkeit für Möbel geschaffen.

Steffi Müller hat den Schlüssel zur Schule und ist  unter 01723504426 zu erreichen.

Wir haben heute bis 21:00 den Zschiernern geholfen. Wer Hilfe braucht meldet Euch bitte.



http://www.ortsverein-zschieren-zschachwitz.de/"
538266862897498_515238005191877;Wer helfen möchte: Am Altmarkt gibt es anscheinend Möglichkeiten dazu laut dem Twitteracc der StadT Dresden: 
538266862897498_537562302973104;Da es unklarheiten gab, hier der genaue Standort der Sandsackstation Hansastraße. Am besten Seifersdorfer oder Bärnsdorfer Straße parken, falls notwendig. Wege freihalten!!! für alle die Sandsäcke brauchen. Kann mir jemand die genauen Standorte Pechelstraße, Cosssebaude und ?Theaterplatz? mitteilen? am besten GPS Koordinaten.
538266862897498_538270462897138;Wo kann man helfen?
538266862897498_538322419558609;WO WIRD HILFE BENÖTIGT??? :)
538266862897498_538324516225066;Gibt es irgendwo Informationen darüber, wo in Dresden und Umgebung morgen und die kommenden Tage Helfer benötigt werden? Ich denke an Stellen, an denen Sandsäcke gefüllt werden o.ä.
538266862897498_538375609553290;gibts vielleicht so ne Art zentrale Anlaufstelle, wenn man mit Sandsäcken o.Ä. helfen will?
538266862897498_538492992874885;"Für alle die helfen wollen... das hier sind die Anlaufstellen!!

Sandsackfüllplätze in Betrieb
Feuerwehr hat Einsatzleitung eingerichtet

Die Feuerwehr Dresden hat seit den frühen Morgenstunden eine Einsatzleitung eingerichtet, welche die gesamten operativen Maßnahmen der Hochwasserabwehr organisiert.

Seit den Nachtstunden sind die Sandsackfüllplätze in Dresden-Cossebaude und Dresden-Lockwitz in Betrieb. An verschiedenen Schwerpunkten im Stadtgebiet werden bereits Sandsäcke verbaut. Dennoch sind Hauseigentümer zur Eigenvorsorge verpflichtet. Informationen hierzu enthält der städtische Handzettel „Hochwasser Bürgerinformation"", aktualisiert im Internet unter www.dresden.de/hochwasser. Er liegt auch gedruckt in allen Informationsstellen der Dresdner Bürgerbüros, Ortsämter und Rathäuser aus. Eine kleine Anzahl von Sandsäcken kann von Bürgern bei den Sandsackfüllplätzen abgeholt werden. Diese befinden sich in Dresden-Cossebaude, Bahnhofstraße im Bauhof. Der Sandsackfüllplatz bei der Freiwilligen Feuerwehr Lockwitz, Am Plan ist momentan noch nicht abgabebereit.

Einsatzschwerpunkte sind momentan Dresden-Niedersedlitz und Dresden-Cossebaude.

Stand: 3. Juni 2013, 10.10 Uhr

Quelle: Stadt Dresden

(A)"
538266862897498_538506756206842;Wenn ich mich als freiwilliger Helfer anbieten möchte, an wen wende ich mich da?
538266862897498_538507429540108;Wird irgendwo in Neustadtnähe (Altstadt, Pieschen..) Verpflegung für Helfer benötigt? 
538266862897498_538518679538983;"Dresden säuft ab und ich darf nicht helfen !!!

An allen Ecken und Enden in und um Dresden werden Helfer für die verschiedensten Bereiche zur Hochwasserbekämpfung etc. gesucht.

Ich befinde mich in einer Weiterbildung übers Jobcenter.
Aufgrund der aktuellen Lage, habe ich das Jobcenter angeschrieben, ob es eine Möglichkeit gäbe, eine ""Freistellung"" zu bekommen, um den Betroffenen lieber helfen zu können, statt hier zu sitzen und am PC rum zu tippeln.
Lieber vorher mal nachfragen, als dann noch Ärger mit dem Amt zu bekommen.

Die Antwort:
""Hallo, ich kann sie gut verstehen, jedoch solange die Maßnahme stattfindet ,findet sie statt… und sie werden ja dort nicht freigestellt.""

Tut mir Leid liebe Leute aber ich muss also hier rumsitzen und zusehen, wie andere absaufen...

Meine Maßnahme geht immer bis 15 Uhr, also ab 16 Uhr könnte ich für ein paar Stündchen meine Hilfe anbieten.

Wem ich helfen kann, kontaktiert mich einfach."
538266862897498_538518786205639;"Ein weiterer konkreter Hilferuf... jetzt aus Brockwitz!
(A)"
538266862897498_538519549538896;"Wer in der Nähe von Meißen wohnt und helfen kann und möchte... in der Innenstadt wird aktuell jede Hand gebraucht... es gilt zahlreiche Läden zu beräumen.
(A)"
538266862897498_538525882871596;Kann man denn als normaler Bürger irgendwo in Dresden mit anpacken und Sandsäcke tragen?
538266862897498_538542192869965;"Hallo, wir möchten gern helfen? Wir sind Handball-Spielerinnen und haben auf Grund der Situation kein Training und was noch viel wichtiger ist - Wir möchten wirklich gern helfen! Vielleicht könnt Ihr uns sagen, wo man mit anpacken kann, z.B. beim Sandsäcke befüllen. Vorallem was die Stadteile Laubegast, Zschieren, Tolkewitz oder auch jede andere Region von/um Dresden! 
Danke, TSV Dresden e.V."
538266862897498_538544962869688;"Wo werden noch Helfer gebraucht??
"
538266862897498_538557296201788;"Wir benötigen dringend SANDSÄCKE AM PUROBEACH DRESDEN.

Wer kann uns weiterhelfen?

Bitte MELDEN!!"
538266862897498_538579022866282;Braucht jemand Hilfe? Einfach melden
538266862897498_538580082866176;"Wo wird noch Hilfe benötigt???
Schreibt mir ne sms wo und ich bin unterwegs!
Ort Dresden/Freital
Anruf geht auch! bis gleich und Viel erfolg dem rest
"
538266862897498_538585169532334;"wer brauch hilfe auf der altstadt seite
und wo"
538266862897498_538597116197806;"2 Mädels bieten innerhalb Dresden Hilfe an! 
Egal was, Hauptsache bei Hochwasser helfen! 
Einfach anrufen 01629442276"
538266862897498_538606009530250;Es fehlt im Zentrum an Sand und Säcken. Helfen ist vorläufig zum Erliegen gekommen.
538266862897498_538609706196547;Stadtteilhaus Neustadt hat genug Helfer im Moment.
538266862897498_538612246196293;"Weiß noch jemand wo dringend Hilfe gebraucht wird???
"
538266862897498_538616002862584;Gibt's hier auch Infos, wo man mit anpacken kann? Das hilft den Betroffenen wahrscheinlich mehr, als Bilder von ihren abgesoffenen Stadteilen. Nur so ein Gedanke, weil die Infos, die ich hier lese, habe ich schon an vielen anderen Stellen gelesen. Aber wo Helfer benötigt werden, noch nirgendwo.
538266862897498_538616089529242;Wer/Wo braucht's Hilfe? 2 Leute mit Schaufeln und einem Landy (Geländewagen) können anrücken. 0177 372 69 52
538266862897498_538616212862563;"kann man auch in löbtau und umgebung helfen???!!!!!
"
538266862897498_538618856195632;Ist jemand bei der hansastraße? Wir sind auf dem weg dorthin.
538266862897498_538631152861069;"Die Semperoper (Einfahrt TG) braucht Helfer MIT SCHAUFELN.

Danke Pierre (D) BITTE TEILEN"
538266862897498_538633502860834;Wenn noch Lkw Fahrer gesucht werden . . . Ich habe Führerschein c e  und Fahrer Karte .
538266862897498_538648479526003;"1000 FUNKEL BRAUCHT HILFE!

Hier die Hilfemeldung im Original, BITTE TEILEN und auch an Fluthilfe Dresden weiterleiten!

WIR BRAUCHEN DRINGEND HILFE!
Freies, nicht staatlich subventioniertes Theater benötigt Hilfe.
DIE FLUT HAT AUCH UNS EREILT.

Wir sind HELMNOT THEATER mit dem Stammsitz in Lichtenstein / Sachsen. Hier sitzen wir mit trockenen Füßen in unserem Haus auf dem Berg, jedoch unser großes Außenlager in Dresden müssen wir diese Nacht räumen. Wir haben 30 ! Wechselbrücken (Container), die jetzt einen neuen Standplatz suchen. Es war schon schwer genug, eine bezahlbare Spedition zu finden. Für die nächste Woche haben wir einen Zwischenplatz für die Container gefunden, den wir aber definitiv auch Ende nächster Woche wieder freiräumen müssen. 

WIR SUCHEN IN DER NÄHE VON LICHTENSTEIN/ SACHSEN EINEN EINGEZÄUNTEN STELLPLATZ FÜR 30 WECHSELBRÜCKEN. PLATZBEDARF: ca. 2000 qm. Wir möchten auf lange Zeit mieten. 

Der ganze Einsatz mit Spedition, neuem Stellplatz ist teuer genug und auch in solchen Fällen ist nichts geschenkt. Also suchen wir einen finanziell moderaten Stellplatz. Bitte schickt uns unter folgender e-mail-Adresse sinnvolle Vorschläge, fragt bitte befreundete Unternehmer usw. 
BITTE HIER AUF FACEBOOK KEINE VORSCHLÄGE EINSTELLEN. AUS VERSICHERUNGSTECHNISCHEN GRÜNDEN FALLEN FÜR UNS DANN DIESE VORSCHLÄGE AUS. Ihr könnt uns aber auf Facebook auch eine Nachricht senden, die für andere nicht einsehbar ist, oder eben unter:

contact@helmnot.com
oder telefonisch unter:
037204 / 6880
Und bitte TEILT, TEILT, TEILT diesen Beitrag

VIELEN DANK!

Unseren Kollegen für diese Nacht gutes Gelingen und hoffentlich bekommt Ihr noch alle Container raus. Es sind unsere Bühnenbilder, Inszenierungsschätze in ihnen aufbewahrt, die wir selber gebaut und finanziert haben und an denen unser Herzen hängen. Für andere haben sie keinen Wert, für uns sind sie die Existenz!

Wer uns noch nicht kennt, kann mehr über unsere Arbeit unter: www.helmnot.com erfahren."
538266862897498_538662739524577;Wo kann man morgen noch helfen gehen? Wohne striesen west.
538266862897498_538713476186170;"Die Dresdner Feuerwehr nimmt Anfragen von Bürgerinnen und Bürgern entgegen, die ihre Hilfe zum Hochwasserschutz anbieten. Bei Bedarf werden die Hilfeangebote von Seiten der Feuerwehr abgefordert. Interessenten können sich per Mail an feuerwehr@dresden.de richten. (D)

Quelle: Elbpegelstand (und vielen Dank für eure tolle Arbeit)"
538266862897498_538721429518708;Gibt es eine zentrale Seite, wo man sehen kann wer welche Hilfe braucht? 
538266862897498_538726352851549;"Frage von Anna Schlummerland:

Werden an der Semperoper noch Helfer gebraucht?

BITTE TEILEN UND GGF. PRÜFEN - bitte auch bei Fluthilfe Dresden und Elbpegelstand nachfragen, danke!
(D)"
538266862897498_538728929517958;Am Elbepark werden keine Helfer mehr benötigt. Arbeiten abgeschlossen!
538266862897498_538729129517938;Wird am Blauen Wunder jetzt noch Hilfe gebraucht? 
538266862897498_538740572850127;an alle die nicht weiter helfen können  weil zu lange  arbeit oder kinder haben    helft denn helfern  mit warmen essen und trinken 
538266862897498_538751832849001;wer will mithelfen etwas verpflegung für die zahlreichen helfer zu organisieren? bitte kommentieren oder pn. hätte ein kleines auto zur verfügung.
538266862897498_538759656181552;Möchte gern meine Hilfe anbieten. Wo wird hilfe benötigt ?
538266862897498_538763202847864;Ich würde so gerne helfen :/ so ein ungutes Gefühl ständig die Bilder meines Zuhause' zu sehen und nix tun zu können. 
538266862897498_538763499514501;"+++ AN ALLE TRUCKER +++ AN ALLE TRUCKER +++

WIR BENÖTIGEN WEITERE HILFE UM DER FLUT ZU ENTGEHEN.

WIR MÜSSEN ÜBER NACHT 36 WECHSELBRÜCKEN (CONTAINER) INNERHALB VON DRESDEN UMSETZEN.
Die Aktion läuft zur Zeit schon. Jedoch geht es nicht so schnell wi"
538266862897498_538775729513278;"nochmal: wer will mithelfen etwas verpflegung für die zahlreichen helfer zu organisieren? auch finanzielle hilfe wäre schön. bitte kommentieren oder pn. hätte ein kleines auto zur verfügung.
Start: dienstag 6:30 uhr Dresden Hauptbahnhof auf der Rewe-seite"
577409588946324_577929385561011;Gibt bitte mal Bescheid, wo Hilfe gebraucht werden kann. Bestimmt wollen einige Helfen, wissen aber nicht, wo sie gebraucht werden (ich zum Beispiel).
579452698764405_579452705431071;Wer Hilfe braucht oder Hilfe anbieten kann soll diese Gruppe nutzen!
586763624687192_586813591348862;ich helfe gerne wieder....
587310101301081_587312144634210;"Dresden!
Postet was das Zeug hält!
Gesucht werden Orte, an denen dringend freiwillige Helfer gesucht werden und Bewohner die Helfen wollen!
Egal wo, wie und wann....wir hoffen, wir können euch helfen!!!

Wir hoffen auf eure Unterstützung !"
600423853309126_600424119975766;meldet euch bitte, hilfe wird die nächste zeit nötig sein
634462596581743_503010586420460;Von dem Hochwasser lassen wir uns nicht unterkriegen! Sie suchen Hilfe? Sie wollen helfen? Melden Sie sich bei uns. Entweder über unsere kostenlose Hilfshotline 0800 / 80 80 345 (von 6.00 bis 21.00 Uhr) oder bei Bayern 1 auf Facebook.
634462596581743_634482429913093;Biete meine Hilfe an einfach anschreiben wenn Hilfe gebraucht wird
634462596581743_634519646576038;@ Michael Feiler bietet seine Hilfe an!
634462596581743_634597823234887;Kann man irgendwo helfen? Wohne in Regensburg...
634462596581743_634629883231681;Wenn noch helfer gebraucht werden ich wurde gerne helfen mann muss mir nur sagen wo ich hin muss
634462596581743_634665776561425;Wenn ich ehrlich bin fehlt mir bei der Angelegenheit was....und zwar der Hinweis wohin man sich wenden kann bzw soll wenn man  helfen möchte.....zb Sandsäcke füllen ..........weiß da jemand Bescheid und kann die Info mal weitergeben
634462596581743_634676779893658;Wo können sich denn freiwillige Helfer melden? 
634462596581743_634683103226359;Helfer an Alle die Hilfe brauchen --> bitte um Ansagen !
634462596581743_634691473225522;Wer braucht Hilfe im Haus/Keller???
634462596581743_634700366557966;Biete gerne meine Hilfe an egal ob Sandsäcke füllen, Aufräumarbeiten und dergleichen... Einfach per PN bei mir melden
634462596581743_634701506557852;00.27 wertstr. --> alle helfen zusammen !
634462596581743_634712846556718;"So wird es auf der Dresden Hochwasser Seite gehändelt und so in der Art wäre doch auch hier in Regensburg  für die Leute hilfreich die mithelfen wollen:
 HANSASTRASSE - Sandsäcke befüllen! (ab 04.06.13 - 7:00 Uhr wieder)

- COSSEBAUDE WINDMÜHLENWEG - Sandsäcke befüllen (ab 04.06.13 wieder)

- SEMPEROPER - Sandsäcke befüllen (ab 04.06.13 wieder)

- ElbePark PESCHELSTRASSE - Sandsäcke befüllen! - FERTIG!

- Cossebaude Bahnhof - (ab 04.06.13 wieder)

- Wildberg - Maria: 01628317957 - (ab 04.06.13 wieder)

- Studentenclub Bärenzwinger braucht dringend leere oder volle Säcke. Auch Kaffee und Co ist von engagierten Helfern gern gesehen. Lara: 0173 9195504 -(ab 04.06.13 wieder)

- Auf der Hedwigstr. (an der Marienbrücke, Hafenstr.) räumen die Menschen in den EG gerade ihre Wohnungen. Da werden sicher helfende Hände gebraucht.- FERTIG

- Stadtteilhaus Dresden Äußere Neustadt, Prießnitzstr. 18 ab 17.30 Uhr - Transportkette Sandsäcke - (ab 04.06.13 wieder)

- DD-Kleinzschachwitz
KLEINGARTENANLAGE gegenüber der Elbinsel neben dem FKK-WOSTRA-BAD wird geräumt.

- In Niederwartha / Gärten neben dem Schwimmbad Cossebaude Räumen die Menschen ihre Gartenlauben aus. Dort wird auch Hilfe beim Räumen benötigt!

- LEIPZIGER STRASSE 33 - Freiland-Elbtal e.V. Die Fläche an der Elbe, es müssen Habseligkeiten und Gerätschaften gerettet werden

- HANSASTRASSE DRESDEN - Hier braucht die Sandsackfüllstation jeden Helfer (bitte mit Schaufel kommen!)

- FELSENKELLER DRESDEN (Terrassenufer) -> Hier müssen Sandsäcke befüllt werden (eigene Schaufel mitbringen!)

- THEATER MEISSEN

- LAUBEGAST - (ab 04.06.13 wieder)

- PIRNA ALTSTADT

- COSSEBAUDE -> Sandsäcke befüllen - (ab 04.06.13 wieder)

- ELBEGARTEN AM KÖRNERPLATZ -> Braucht Hilfe beim Evakuieren!"
640732285955334_640734625955100;"Hier werden ab jetzt, freiwillige Helfer für den Raum Klosterneuburg, Kritzendorf Strombad und Greifenstein, für die Aufräumarbeiten nach dem Hochwasser gesucht.


Jeder der Helfen will, oder auch Hilfe braucht, kann sich hier eintragen und sich mit den Menschen in Verbindung setzen.


Alle Infos zur benötigten Ausrüstung findet Ihr in den Datein.


Gerne wird auch Unterstützung in Form von Essen und Trinken für die freiwilligen Helfer und auch für Betroffenen gerne angenommen."
640732285955334_640739629287933;"Hier werden ab jetzt, freiwillige Helfer für den Raum Klosterneuburg und  Kritzendorf Strombad , für die Aufräumarbeiten nach dem Hochwasser gesucht.


Jeder der Helfen will, oder auch Hilfe braucht, kann sich hier eintragen und sich mit den Menschen in Verbindung setzen.


Alle Infos zur benötigten Ausrüstung findet Ihr in den Datein.


Gerne wird auch Unterstützung in Form von Essen und Trinken für die freiwilligen Helfer und auch für Betroffenen gerne angenommen."
640732285955334_640968425931720;wenn wer hilfe braucht bitte Nachricht an Team Österreich damit wir auch zum Einsatz kommen bitte
651919734822470_653214691359641;Eine richtig sinnvolle Seite der Piratenpartei: Wer Hilfe braucht oder leisten kann, findet hier Kontakt.
651919734822470_653228131358297;Wer in Dresden Hilfe benötigt oder geben kann - dafür wurde eine Facebookseite eingerichtet:
651919734822470_653251604689283;"Freiwillige Helfer sollen nicht die Notrufnummer 112 anrufen um Hilfe anzubieten, bitten die Rettungsdienste. Diese Nummer wird für Notfälle gebraucht.

Anlaufstellen und Aufrufe für freiwillige Helfer werden auch auf Facebook ständig mitgeteilt. Die regionalen Seiten liefern die Information:
BAYERN: https://www.facebook.com/InfoseiteHochwasser2013Bayern?fref=ts

SACHSEN: https://www.facebook.com/hochwasser.sachsen?fref=ts

SACHSEN-ANHALT: https://www.facebook.com/hochwasser.sachsen.anhalt?fref=ts

Für Niedersachsen entwickelt sich das gerade: https://www.facebook.com/HochwasserNiedersachsen"
651919734822470_653283648019412;"+++ AN ALLE TRUCKER +++ AN ALLE TRUCKER +++

WIR BENÖTIGEN WEITERE HILFE UM DER FLUT ZU ENTGEHEN.

WIR MÜSSEN ÜBER NACHT 36 WECHSELBRÜCKEN (CONTAINER) INNERHALB VON DRESDEN UMSETZEN.
Die Aktion läuft zur Zeit schon. Jedoch geht es nicht so schnell wi"
654615497889248_654981901185941;"WO HILFE GEBRAUCHT WIRD !!!!!!!

- Auf der Hedwigstr. (an der Marienbrücke, Hafenstr.) räumen die Menschen in den EG gerade ihre Wohnungen. Da werden sicher helfende Hände gebraucht.

 

- Stadtteilhaus Dresden Äußere Neustadt, Prießnitzstr. 18 ab 17.30 Uhr - Transportkette Sandsäcke

 

- DD-Kleinzschachwitz

KLEINGARTENANLAGE gegenüber der Elbinsel neben dem FKK-WOSTRA-BAD wird geräumt.

 

- In Niederwartha / Gärten neben dem Schwimmbad Cossebaude Räumen die Menschen ihre Gartenlauben aus. Dort wird auch Hilfe beim Räumen benötigt!

 

- LEIPZIGER STRASSE 33 - Freiland-Elbtal e.V. Die Fläche an der Elbe, es müssen Habseligkeiten und Gerätschaften gerettet werden

 

- HANSASTRASSE DRESDEN - Hier braucht die Sandsackfüllstation jeden Helfer (bitte mit Schaufel kommen!)

 

- FELSENKELLER DRESDEN (Terrassenufer) -> Hier müssen Sandsäcke befüllt werden (eigene Schaufel mitbringen!)

 

- THEATER MEISSEN

 

- LAUBEGAST

 

- PIRNA ALTSTADT

 

- COSSEBAUDE -> Sandsäcke befüllen

 

- ELBEGARTEN AM KÖRNERPLATZ -> Braucht Hilfe beim Evakuieren!"
675563429136839_675565439136638;"Aktuell werden laut THW an der Altstadtbrücke Sandsäcke befüllt. Helfende Hände werden dort gesucht. Derzeit (noch) keine Verpflegung möglich; auch wetterfeste Kleidung und Gummistiefel müssen selbst mitgebracht werden. Infos vor ort."
675563429136839_675567685803080;Wir stehen in  Verbindung mit der regionalen Feuerwehr. Diese bitte darum, eine ungefähre Helfer_innenzahl bei ihnen zu melden um konkret koordinieren zu können, wieviele Personen, wann und wo eingesetzt werden können. Bitte meldet also zurück ob und wie ihr helfen könnt. Auch PKWs wären von Vorteil um zu den Einsatzorten zu gelangen.
675563429136839_675578562468659;Gesucht werden im Moment 2 Helfergruppen: Weinhübel, Am alten Kulturhaus, Seidenbergerstr. und Altstadt, Uferstraße/ Ecke Neißestraße. Wir bitten dringend um Rückmeldung wer wo helfen möchte und kann! Die Feuerwehr bittet um Rückmeldung
675563429136839_675598449133337;falls sich Helfer_innen finden, denen das Sandsäcke befüllen nicht so liegt, würden sich die Helfer_innen vor Ort unter Umständen über Verpflegung (belegte Brote, Tee, oder ähnliches) freuen?!
675563429136839_675607969132385;Wir machen uns jetzt auch auf den Weg zu den Einsatzorten, es macht den Eindruck in Weinhübel werden noch helfende Hände gebraucht. Heißt, wir sind nicht permanent online, versuchen euch aber auf dem Laufendem zu halten.
675563429136839_675616819131500;Info von einem der Helfer an der Altstadtbrücke: es werden jetzt noch Sandsäcke angeliefert, helfende Hände sind immer noch herzlichst willkommen!
675563429136839_675627105797138;Wo und wobei wird denn aktuell Hilfe benötigt?
675563429136839_675646955795153;Habe: Zeit, PKW (nicht geländetauglich ^^), Anhänger HP400, handwerkliche Fähigkeiten und ne Schaufel... Kann ich was sinnvolles machen?
675563429136839_675648159128366;so 7/8 Helfer zur Altstadtbrücke unterwegs ......Eintreffen gegen 18uhr ....
675563429136839_675655822460933;Werden noch Helfer benötigt an der Altstadtbrücke?
675563429136839_675704189122763;Wird irgendwo noch Hilfe gebraucht??
675563429136839_675714172455098;An der Obermühle werden zur Absicherung noch Sandsäcke benötigt! Sobald wieder Sand vorhanden ist, bitte an die Obermühle denken!
675563429136839_675744772452038;ich möchte gerne helfen...hab grade von eurer tollen hilfsaktion gelesen nur ist die frage es wird dunkel und werden noch helfer für heute gebraucht
675563429136839_675757632450752;In der Vierradenmühle schöpfen sie wohl mit Eimern das Wasser raus. Vielleicht kann da wer helfen???
675563429136839_675775635782285;Wo wird Hilfe benötigt? Wir stehen an der Altstadtbrücke.
675563429136839_675778042448711;wird an der obermühle noch hilfe benötigt?
675563429136839_675795582446957;aktueller pegelstand (22:45uhr): 596cm...kann man noch irgendwo helfen?
