token;reference
Wie;O
kann;O
man;O
helfen;O
und;O
wie;O
kommt;O
man;O
an;O
die;O
orte;O
die;O
die;O
hilfe;O
brauchen;O
Ist;O
noch;O
ein;O
Durchkommen;O
nach;O
Kleckewitz;LOC
sprich;O
Raguhn;LOC
Richtung;O
Altjeßnitz;LOC
raus;O
Da;O
droht;O
ein;O
Damm;O
zu;O
brechen;O
wurde;O
NICHT;O
saniert;O
nach;O
meine;O
Eltern;O
wohnen;O
dort;O
Würde;O
gern;O
helfen;O
aber;O
wie;O
komme;O
ich;O
da;O
noch;O
hin;O
Bleibt;O
nur;O
parken;O
in;O
Bahnhofsnähe;O
und;O
laufen;O
Will;O
niemand;O
helfen;O
Die;O
Leute;O
brauchen;O
jetzt;O
Hilfe;O
Nicht;O
wenn;O
alles;O
vorbei;O
ist;O
Jetzt;O
heißt;O
es;O
nicht;O
mehr;O
meckern;O
sondern;O
mal;O
mit;O
anfassen;O
Jeder;O
einzelne;O
von;O
euch;O
kann;O
helfen;O
sei;O
es;O
durch;O
Sachspenden;O
Transport;O
oder;O
mit;O
anpacken;O
In;O
dieser;O
Gruppe;O
ist;O
jeder;O
Willkommen;O
der;O
mich;O
unterstützen;O
möchte;O
und;O
den;O
Leuten;O
in;O
den;O
betroffenen;O
Regionen;O
eine;O
kleine;O
Freude;O
bereiten;O
möchte;O
Unter;O
und;O
können;O
alle;O
Informationen;O
erfragt;O
und;O
auch;O
Sandsäcke;O
geordert;O
werden;O
Ebenso;O
können;O
sich;O
Helfer;O
registrieren;O
lassen;O
auf;O
die;O
bei;O
Bedarf;O
zurückgegriffen;O
werden;O
kann;O
Hallo;O
ich;O
befinde;O
mich;O
momentan;O
in;O
der;O
Schweiz;LOC
auf;O
Montage;O
und;O
muss;O
mit;O
Bedauern;O
ansehen;O
wie;O
Thüringen;LOC
absäuft;O
ich;O
möchte;O
Euch;O
anbieten;O
in;O
irgendeiner;O
Form;O
zu;O
helfen;O
ab;O
Dienstag;O
bin;O
ich;O
wieder;O
in;O
Sonneberg;LOC
und;O
würde;O
mit;O
ein;O
paar;O
Helfern;O
meiner;O
Firma;O
Euch;O
unterstützen;O
Aufräumungsarbeiten;O
Trocknungen;O
alles;O
was;O
anfallen;O
würde;O
ca;O
Woche;O
könnten;O
wir;O
helfen;O
Wer;O
was;O
weiss;O
oder;O
Hilfe;O
benötigt;O
bitte;O
meldet;O
Euch;O
Gruss;O
Illig;O
Tobias;O
Ihr;O
lieben;O
und;O
fleissigen;O
Helfer;O
es;O
ist;O
zur;O
Zeit;O
sehr;O
schwer;O
etwas;O
richtig;O
zu;O
koordinieren;O
was;O
die;O
Hilfe;O
angeht;O
da;O
man;O
nirgends;O
hinkommt;O
in;O
die;O
verschiedenen;O
Stadtteile;O
Geht;O
einfach;O
los;O
und;O
schaut;O
in;O
eurer;O
Nähe;O
wer;O
Hilfe;O
braucht;O
z;O
B;O
einfach;O
mal;O
essen;O
Getränke;O
zusammenpacken;O
und;O
los;O
gehen;O
die;O
Hilfe;O
wird;O
meistens;O
nicht;O
weit;O
von;O
der;O
eigenen;O
Haustür;O
gebraucht;O
Liebe;O
Helfer;O
habe;O
gerade;O
Rücksprache;O
mit;O
dem;O
BRK;O
Passau;LOC
gehabt;O
Kleidung;O
und;O
Sachspenden;O
bitte;O
erstmal;O
bei;O
Euch;O
lassen;O
In;O
erster;O
Linie;O
geht;O
es;O
momentan;O
um;O
die;O
Evakuierung;O
Unterkünfte;O
bitte;O
mit;O
Telefonnummer;O
per;O
PN;O
uns;O
zusenden;O
Freiwillige;O
Helfer;O
bitte;O
meldet;O
euch;O
bei;O
den;O
bekannten;O
Stellen;O
melden;O
wie;O
FFW;O
BRK;O
THW;O
usw;O
Geldspenden;O
bitte;O
an;O
folgendes;O
Konto;O
Rotes;O
Kreuz;O
Konto;O
BLZ;O
Sparkasse;O
Passau;LOC
Verwendungszweck;O
Hochwasser;O
Für;O
die;O
Stadt;O
Eilenburg;LOC
besteht;O
akute;O
Gefahr;O
für;O
die;O
Überflutung;O
der;O
Stadt;O
Das;O
teilte;O
die;O
Stadtverwaltung;O
am;O
Montag;O
um;O
Uhr;O
mit;O
Helft;O
alle;O
wo;O
ihr;O
könnt;O
Hallo;O
Macht;O
es;O
Sinn;O
nach;O
Eilenburg;LOC
zu;O
kommen;O
um;O
zu;O
helfen;O
würde;O
in;O
h;O
aus;O
Bayern;LOC
da;O
sein;O
habe;O
einen;O
Kleinbus;O
Die;O
Mühlinsel;LOC
in;O
Eilenburg;LOC
Helft;O
alle;O
zusammen;O
DRINGENDER;O
AUFRUF;O
DER;O
FEUERWEHREN;O
Freiwillige;O
Helfer;O
sollen;O
nicht;O
die;O
anrufen;O
Das;O
blockiere;O
den;O
Notruf;O
für;O
Notfälle;O
Sucht;O
man;O
irgendwo;O
noch;O
Helfer;O
nicht;O
unbedingt;O
in;O
Eilenburg;LOC
am;O
im;O
Umland;O
Hilfe;O
Der;O
Ortsteil;O
Bennewitz;LOC
kann;O
noch;O
aktive;O
Hilfe;O
gebrauchen;O
der;O
Parkplatz;O
zum;O
Dreibrücken;O
Bad;O
in;O
Wurzen;LOC
steht;O
auch;O
unter;O
Wasser;O
Mehr;O
Informationen;O
auf;O
Hilfe;O
Wir;O
gehen;O
unter;O
Könnten;O
jede;O
helfende;O
Hand;O
gebrauchen;O
um;O
wenigstens;O
den;O
grössten;O
Teil;O
unsere;O
Möbel;O
ins;O
OG;O
zu;O
bekommen;O
Bitte;O
wer;O
Zeit;O
hat;O
soll;O
nach;O
Holleben;LOC
Benkendorf;LOC
kommen;O
Telefon;O
Hilfe;O
Die;O
Stadt;O
Bad;LOC
Dürrenberg;LOC
sucht;O
freiwillige;O
Helfer;O
Telefon;O
WICHTIG;O
RT;O
StadtLeipzig;LOC
Freiwillige;O
Helfer;O
bitte;O
nicht;O
bei;O
Bürgertelefon;O
anrufen;O
Medien-Falschmeldung;O
Infos;O
für;O
Helfer;O
kommen;O
Nachmittag;O
Hochwasser;O
Leipzig;LOC
Hilfe;O
Auch;O
in;O
Raguhn;LOC
werden;O
weiterhin;O
Helfer;O
zur;O
Deichstabilisierung;O
gesucht;O
Treffpunkt;O
Bahnhof;O
an;O
der;O
Brückenstraße;LOC
in;O
Leipzig;LOC
werden;O
DRINGEND;O
Helfer;O
gesucht;O
Hilfe;O
Transporter;O
für;O
den;O
Abtransport;O
von;O
Sandsäcken;O
auf;O
der;O
Halbinsel;LOC
Poch;LOC
werden;O
dringend;O
Transportfahrzeuge;O
gesucht;O
Telefon;O
Hilfe;O
In;O
Magdeburg;LOC
können;O
sich;O
freiwillige;O
Helfer;O
ab;O
morgen;O
melden;O
Telefon;O
Hilfe;O
In;O
Markkleeberg;LOC
im;O
Keesschen;LOC
Park;LOC
werden;O
dringend;O
starke;O
Hände;O
gesucht;O
zum;O
Sandsäcke;O
füllen;O
Hilfe;O
Die;O
Stadtverwaltung;O
Halle;O
bittet;O
um;O
Helfer;O
unter;O
anderem;O
im;O
Bereich;O
des;O
Gimritzer;LOC
Dammes;LOC
Freiwillige;O
können;O
sich;O
umgehend;O
an;O
der;O
mobilen;O
Sandabfüllstation;O
am;O
Hubertusplatz;LOC
nahe;O
des;O
Waldkaters;LOC
melden;O
Hilfe;O
Das;O
Rathaus;O
bittet;O
alle;O
Leipziger;O
beim;O
Befüllen;O
von;O
Sandsäcken;O
zu;O
helfen;O
Hilfe;O
wird;O
dringend;O
benötigt;O
im;O
Kieswerk;LOC
Hirschfeld;LOC
Am;LOC
Ochsenwinkel;LOC
Leipzig-Hirschfeld;LOC
sowie;O
in;O
der;O
Flussmeisterei;O
Straße;LOC
Am;LOC
Teilungswehr;LOC
in;O
Leipzig-Großzschoc;LOC
Hilfe;O
Transporter;O
für;O
Beförderung;O
von;O
Sandsäcken;O
werden;O
dringend;O
benötigt;O
Bitte;O
wenden;O
an;O
Deutsche;O
Asphalt;O
GmbH;O
AMA;O
Hirschfeld;LOC
Am;LOC
Ochsenwinkel;LOC
Leipzig;LOC
Tel;O
Bin;O
auf;O
dem;O
Weg;O
zum;O
Teilungswehr;LOC
Ist;O
da;O
noch;O
Bedarf;O
oder;O
ust;O
an;O
anderen;O
Stellen;O
in;O
Leipzig;LOC
mehr;O
zu;O
tun;O
Bin;O
leider;O
ohne;O
KFZ;O
aber;O
voller;O
Tatendrang;O
Wir;O
Hilfe;O
jetzt;O
gebraucht;O
zum;O
Sandsäcke;O
befüllen;O
Hilfe;O
Freiwillige;O
werden;O
jetzt;O
am;O
Kieswerk;LOC
Kleinpösna;LOC
Kiesgrubenstraße;LOC
gebraucht;O
Wo;O
gibt;O
es;O
eine;O
Anlaufstelle;O
für;O
freiwillige;O
helfer;O
in;O
bernburg;O
Hilfe;O
Freiwillige;O
Helfer;O
für;O
Magdeburg;LOC
können;O
sich;O
ab;O
Uhr;O
beim;O
Bürgertelefon;O
melden;O
Telefonnumer;O
Eilmeldung;O
Die;O
Lage;O
am;O
Gimritzer;LOC
Damm;LOC
in;O
Halle;LOC
wird;O
für;O
freiwillige;O
Helfer;O
zu;O
gefährlich;O
Pegel;O
der;O
Saale;LOC
liegt;O
mit;O
Metern;O
weit;O
über;O
den;O
Erwartungen;O
Laut;O
Stadt;O
nur;O
noch;O
Spezialkräfte;O
im;O
Einsatz;O
Wen;O
freiwillige;O
helfer;O
gesucht;O
werden;O
bitte;O
under;O
dieser;O
nr;O
melden;O
danke;O
Meldepunkte;O
für;O
Helfer;O
aus;O
der;O
Bevölkerung;O
Schotterund;O
Kies-Union;O
GmbH;O
Co;O
KG;O
Kieswerk;O
Hirschfeld;LOC
Am;LOC
Ochsenwinkel;LOC
Leipzig-Hirschfeld;LOC
Landestalsperrenverwaltung;O
Sachsen;LOC
Flussmeisterei;O
Leipzig;LOC
Am;LOC
Teilungswehr;LOC
Großzschocher;LOC
Leipzig;LOC
Bitte;O
versuchen;O
Sie;O
nicht;O
dorthin;O
direkt;O
mit;O
dem;O
Auto;O
auf;O
das;O
jeweilige;O
Gelände;O
zu;O
fahren;O
Parken;O
Sie;O
weiträumig;O
außerhalb;O
um;O
die;O
anund;O
abfahrenden;O
LKWs;O
nicht;O
zu;O
behindern;O
Vielen;O
Dank;O
Quelle;O
Freiwillige;O
Helfer;O
In;O
allen;O
Regionen;O
bitte;O
nicht;O
die;O
anrufen;O
um;O
Hilfsangebote;O
abzugeben;O
das;O
blockiert;O
die;O
Notfallzentralen;O
Bitte;O
wendet;O
euch;O
direkt;O
an;O
die;O
Hilfsorganisationen;O
Freiwillige;O
Feuerwehr;O
örtliche;O
Verbände;O
und;O
private;O
Hilfsorganisationen;O
An;O
der;O
Brückenstraße;LOC
in;O
Leipzig;LOC
helfen;O
Hunderte;O
bis;O
tief;O
in;O
die;O
Nacht;O
Spenden;O
von;O
Essen;O
Getränke;O
für;O
die;O
Helfer;O
sind;O
dort;O
gerne;O
gesehen;O
Bitte;O
teilen;O
Meldepunkte;O
für;O
Helfer;O
aus;O
der;O
Bevölkerung;O
in;O
Leipzig;LOC
Liebe;O
Helferinnen;O
und;O
Helfer;O
hier;O
nun;O
wie;O
angekündigt;O
die;O
Anschriften;O
der;O
Befüllplätze;O
für;O
Sandsäcke;O
an;O
denen;O
Ihre;O
Hilfe;O
benötigt;O
wird;O
Schotterund;O
Kies-Union;O
GmbH;O
Co;O
KG;O
Kieswerk;O
Hirschfeld;LOC
Am;LOC
Ochsenwinkel;LOC
Leipzig-Hirschfeld;LOC
Anfahrt;O
mit;O
dem;O
Auto;O
aus;O
Richtung;O
Leipzig;LOC
In;O
Leipzig;LOC
auf;O
die;O
B;O
B;O
in;O
Richtung;O
Chemnitz;LOC
Borna;LOC
fahren;O
An;O
der;O
Autobahnanschlussstelle;O
A;O
auf;O
die;O
A;O
in;O
Richtung;O
Dresden;LOC
fahren;O
Am;O
Autobahndreieck;O
A;O
A;O
auf;O
die;O
A;O
in;O
Richtung;O
Halle;LOC
Magdeburg;LOC
bis;O
zur;O
Abfahrt;O
Kleinpösna;LOC
fahren;O
Nach;O
Verlassen;O
der;O
A;O
rechts;O
in;O
die;O
Hersvelder;LOC
Straße;LOC
einbiegen;O
Nach;O
ca;O
km;O
am;LOC
Ochsenwinkel;LOC
rechts;O
abbiegen;O
Landestalsperrenverwaltung;O
Sachsen;LOC
Flussmeisterei;O
Leipzig;LOC
Am;LOC
Teilungswehr;LOC
Großzschocher;LOC
Leipzig;LOC
Bitte;O
versuchen;O
Sie;O
nicht;O
dorthin;O
direkt;O
mit;O
dem;O
Auto;O
auf;O
das;O
jeweilige;O
Gelände;O
zu;O
fahren;O
Parken;O
Sie;O
weiträumig;O
außerhalb;O
um;O
die;O
anund;O
abfahrenden;O
LKWs;O
nicht;O
zu;O
behindern;O
Vielen;O
Dank;O
Hallo;O
ihr;O
lieben;O
Wer;O
will;O
mit;O
essen;O
kochen;O
für;O
die;O
helfer;O
Wer;O
hat;O
ideen;O
oder;O
lust;O
was;O
mit;O
zu;O
organisieren;O
und;O
anschließend;O
zu;O
verteilen;O
Die;O
helfer;O
sind;O
auch;O
durchgefrohren;O
Am;O
besten;O
wäre;O
ja;O
Eintopf;O
Ich;O
bin;O
in;O
Wurzen;LOC
Wenn;O
noch;O
jemand;O
Hilfe;O
für;O
Sandsäcke;O
Aufräumarbeiten;O
oder;O
andere;O
Maßnahmen;O
benötigt;O
ich;O
bin;O
gern;O
bereit;O
zu;O
helfen;O
Hallo;O
wenn;O
Hilfe;O
gebraucht;O
wird;O
freiwillige;O
Helfer;O
der;O
Feuerwehren;O
Berlin;LOC
und;O
Brandenburg;LOC
stehen;O
in;O
Alarm;O
Bereitschaft;O
egal;O
wo;O
Gruß;O
Raphael;O
Feuerwehr;O
Brandenburg;LOC
Zwickau;LOC
sucht;O
HELFER;O
Gesucht;O
werden;O
Freiwillige;O
die;O
Sandsäcke;O
füllen;O
und;O
an;O
der;O
Mulde;LOC
stapeln;O
Damit;O
soll;O
die;O
Innenstadt;O
gegen;O
Wassermassen;O
aus;O
dem;O
Fluss;O
geschützt;O
werden;O
Helfer;O
sollten;O
Schaufeln;O
mitbringen;O
Treffpunkte;O
sind;O
die;O
Parkplätze;O
am;O
Alten;O
Gasometer;O
und;O
unter;O
der;O
Glück-Brücke;O
Ich;O
könnte;O
als;O
Fahrer;O
ab;O
Uhr;O
zur;O
Verfügung;O
stehen;O
Habe;O
einen;O
kleinen;O
Opel;O
Corsa;O
und;O
komme;O
aus;O
Delitzsch;LOC
Einfach;O
melden;O
antworte;O
schnell;O
Wo;O
kann;O
man;O
mithelfen;O
Sandsäcke;O
zu;O
füllen;O
Kann;O
man;O
irgendwo;O
helfen;O
die;O
Sandsäcke;O
zu;O
füllen;O
Die;O
Feuerwehr;O
Manching;LOC
bittet;O
um;O
Hilfe;O
Freiwillige;O
werden;O
gesucht;O
die;O
Sandsäcke;O
befüllen;O
Hier;O
melden;O
DANKE;O
Die;O
Feuerwehr;O
Manching;LOC
bittet;O
um;O
Hilfe;O
Freiwillige;O
werden;O
gesucht;O
die;O
Sandsäcke;O
befüllen;O
Hier;O
melden;O
DANKE;O
von;O
Benjamin;O
Liss;O
ich;O
kann;O
von;O
schleching;O
aus;O
helfen;O
bin;O
mobil;O
soweit;O
ich;O
fahren;O
kann;O
natürlich;O
ich;O
sitze;O
in;O
unterwössen;O
wenn;O
jemand;O
hilfe;O
braucht;O
Lauterbach;LOC
gmd;O
Rohrdorfer;LOC
gemeinde;O
wer;O
hilfe;O
braucht;O
Von;O
Bergen;LOC
kommt;O
man;O
fast;O
nicht;O
raus;O
aber;O
in;O
Bergen;LOC
würd;O
ich;O
sofort;O
helfen;O
Hab;O
gutes;O
Regen;O
gwand;O
Wird;O
heute;O
irgend;O
welche;O
Hilfe;O
benötigt;O
Bin;O
mobil;O
und;O
von;O
TS;LOC
aus;O
kommt;O
man;O
auch;O
ganz;O
gut;O
weg;O
wer;O
wenn;O
zum;O
sandsäcke;O
füllen;O
braucht;O
oder;O
anders;O
hilfe;O
braucht;O
einfach;O
anschreiben;O
habe;O
gerade;O
eine;O
woche;O
urlaub;O
Ich;O
könnte;O
ja;O
mithelfen;O
bei;O
der;O
Koordination;O
habt;O
ihr;O
schon;O
eine;O
Hotline;O
eingerichtet;O
Alle;O
nach;O
Manching;LOC
kommen;O
hier;O
säuft;O
bald;O
alles;O
ab;O
Brauchen;O
die;O
Helfer;O
eine;O
Brotzeit;O
Wurstsemmeln;O
Komme;O
aus;O
Langenbruck;LOC
Aufräumen;O
Ausräumen;O
Keller;O
auspumpen;O
Sandsäcke;O
füllen;O
Daniel;O
Strauch;O
bietet;O
Hilfe;O
an;O
Danke;O
Daniel;O
Wo;O
soll;O
ich;O
helfen;O
Wir;O
können;O
hier;O
jede;O
helfende;O
Hand;O
nur;O
gerne;O
annehmen;O
Kommt;O
einfach;O
in;O
die;O
Ritterpflugstr;LOC
Ans;O
flutbett;O
Bildzeitung;O
Uhr;O
Noch;O
Helfer;O
in;O
Kleinpösna;LOC
gesucht;O
Obwohl;O
bereits;O
hunderte;O
Menschen;O
am;O
Kieswerk;O
in;O
Kleinpösna;LOC
mit;O
anpacken;O
ist;O
die;O
Situation;O
dort;O
brenzlig;O
Noch;O
immer;O
werden;O
Hilfskräfte;O
benötigt;O
Bei;O
der;O
Tischlerei;O
Harald;O
Hillger;O
in;O
Pfützthal;LOC
werden;O
dringend;O
Sandsäcke;O
benötigt;O
Kann;O
irgendjemand;O
helfen;O
In;O
Raguhn-Jeßnitz;LOC
ist;O
der;O
Stadtteil;O
Jeßnitz;LOC
momentan;O
wieder;O
erreichbar;O
Im;O
Tagesverlauf;O
mussten;O
alle;O
Zufahrtswege;O
zur;O
Vorbeugung;O
gesperrt;O
werden;O
In;O
Altjeßnitz;LOC
ggü;O
Autohaus;O
Fietz;O
und;O
Raguhn;LOC
am;O
Bahnhof;O
wird;O
jede;O
helfende;O
Hand;O
benötigt;O
Die;O
Lage;O
in;O
Altjeßnitz;LOC
ist;O
ernst;O
hier;O
droht;O
ein;O
Deich;O
zu;O
brechen;O
Für;O
die;O
Nacht;O
werden;O
weiter;O
stark;O
steigende;O
Pegelstände;O
erwartet;O
Falls;O
ihr;O
noch;O
Helfer;O
braucht;O
bin;O
ich;O
dabei;O
Wo;O
kann;O
man;O
sich;O
melden;O
zum;O
helfen;O
und;O
wie;O
sieht;O
mit;O
den;O
Arbeitengeber;O
aus;O
Göbitz;LOC
Damm;O
gebrochen;O
Maßnitz;LOC
Göbitz;LOC
Torna;LOC
Könderitz;LOC
Etzoldshain;LOC
Minkwitz;LOC
Traupitz;LOC
sowie;O
Bornitz;LOC
Draschwitz;LOC
Reuden;LOC
Predel;LOC
Ostrau;LOC
und;O
Profen;LOC
werden;O
für;O
Evakuierung;O
vorbereitet;O
Jede;O
Helfende;O
Hand;O
zählt;O
In;O
Zeitz;LOC
in;O
der;O
Besenstrasse;LOC
werden;O
immer;O
Helfer;O
zum;O
Säcke;O
füllen;O
benötigt;O
DAMMBRUCH;O
IN;O
GÖBITZ;LOC
Maßnitz;LOC
Göbitz;LOC
Torna;LOC
Könderitz;LOC
Etzoldshain;LOC
Minkwitz;LOC
Traupitz;LOC
sowie;O
Bornitz;LOC
Draschwitz;LOC
Reuden;LOC
Predel;LOC
Ostrau;LOC
und;O
Profen;LOC
werden;O
für;O
Evakuierung;O
vorbereitet;O
Jede;O
Helfende;O
Hand;O
zählt;O
In;O
Zeitz;LOC
in;O
der;O
Besenstrasse;LOC
we;O
Schloss;O
Goseck;LOC
Ich;O
weiß;O
nicht;O
ob;O
der;O
folgende;O
Hinweis;O
in;O
erster;O
Linie;O
gedacht;O
für;O
die;O
Dörfer;O
rund;O
um;O
Goseck;LOC
vielleicht;O
übertrieben;O
ist;O
Aber;O
man;O
fühlt;O
sich;O
angesichts;O
des;O
Wassers;O
ringsum;O
der;O
Ebene;O
gegenüber;O
so;O
hilflos;O
hier;O
oben;O
auf;O
dem;O
Berg;O
Wenn;O
wir;O
mit;O
auf;O
Schloss;O
Goseck;LOC
irgendwie;O
helfen;O
können;O
dann;O
meldet;O
Euch;O
bitte;O
bei;O
uns;O
Mehr;O
anzeigen;O
Wird;O
irgendwo;O
in;O
Bad;LOC
Dürrenberg;LOC
Hilfe;O
benötigt;O
Darf;O
man;O
in;O
der;O
aktuellen;O
Lage;O
überhaupt;O
vorn;O
mithelfen;O
Ich;O
würde;O
tun;O
was;O
ich;O
kann;O
ANSPANNUNG;O
AN;O
DER;O
ELBE;O
In;O
Magdeburg;LOC
hat;O
die;O
Feuerwehr;O
damit;O
begonnen;O
tausende;O
Sandsäcke;O
zu;O
füllen;O
Helfer;O
werden;O
Gebeten;O
sich;O
bei;O
den;O
FeuerWasserwehren;O
vor;O
Ort;O
zu;O
melden;O
Lage;O
in;O
Zeitz;LOC
Weiße;LOC
Elster;LOC
dramatisch;O
Rund;O
Bürger;O
evakuiert;O
BM;O
Otto;O
bittet;O
um;O
Hilfe;O
und;O
rechnet;O
mit;O
Ausrufung;O
von;O
Katastrophenalarm;O
Helfer;O
bitte;O
die;O
örtlichen;O
Sammelpunkte;O
erfragen;O
und;O
aufsuchen;O
Wäre;O
super;O
wenn;O
Anlaufstellen;O
für;O
freiwillige;O
Helfer;O
in;O
Wittenberg;LOC
bekannt;O
gegeben;O
werden;O
könnten;O
könnt;O
ihr;O
Euch;O
da;O
mal;O
informieren;O
Löschen;O
Alle;O
die;O
gern;O
helfen;O
wollen;O
Bitte;O
auf;O
der;O
Feuerwache;O
im;O
Steinsgraben;LOC
in;O
Zeitz;LOC
melden;O
Es;O
werden;O
vor;O
allem;O
Helfer;O
für;O
die;O
Notunterkünfte;O
gesucht;O
Telefon;O
AN;O
ALLE;O
HELFER;O
Bitte;O
auf;O
der;O
Feuerwache;O
im;O
Steinsgraben;LOC
in;O
Zeitz;LOC
melden;O
Es;O
werden;O
vor;O
allem;O
Helfer;O
für;O
die;O
Notunterkünfte;O
gesucht;O
Telefon;O
Hier;O
ist;O
die;O
Nummer;O
für;O
die;O
Helferkoordination;O
in;O
Zeitz;LOC
HELFERKOORDINATION;O
IN;O
ZEITZ;LOC
Es;O
wird;O
dringend;O
Hilfe;O
benötigt;O
Bitte;O
unter;O
melden;O
TEILEN;O
TEILEN;O
TEILEN;O
Ich;O
würde;O
gern;O
ab;O
Nachmittag;O
in;O
Naumburg;LOC
oder;O
Weißenfels;LOC
helfen;O
Gibt;O
es;O
Anlaufstellen;O
bzw;O
Telefonnummern;O
wo;O
man;O
sich;O
melden;O
kann;O
kann;O
wer;O
in;O
grimma;LOC
mit;O
helfen;O
dort;O
ist;O
es;O
viel;O
heftiger;O
als;O
bei;O
uns;O
in;O
halle;O
DRINGEND;O
HELFER;O
IN;O
RAGUHN;LOC
LK;O
ANHALT-BITTERFELD;LOC
GESUCHT;O
Bitte;O
am;O
Bahnhof;O
melden;O
Bürgertelefon;O
für;O
Raguhn-Jeßnitz;LOC
und;O
Wie;O
kommt;O
man;O
von;O
Naumburg;LOC
nach;O
Zeitz;LOC
wir;O
würden;O
gerne;O
helfen;O
wenn;O
wir;O
durch;O
Naumburg;LOC
kommen;O
Kann;O
man;O
noch;O
irgendwo;O
rund;O
um;O
Naumburg;LOC
helfen;O
Katastrophenalarm;O
im;O
Landkreis;LOC
ABI;LOC
Der;O
Landkreis;O
hat;O
reagiert;O
und;O
den;O
Katastrophenalarm;O
ausgerufen;O
Die;O
Pegel;O
der;O
Mulde;O
haben;O
die;O
kritische;O
m;O
Marke;O
erreicht;O
es;O
ist;O
mit;O
einem;O
weiteren;O
Anstieg;O
zu;O
rechnen;O
ES;O
WERDEN;O
ÜBERALL;O
HELFER;O
BENÖTIGT;O
da;O
die;O
Pegel;O
jetzt;O
rasant;O
steigen;O
In;O
Sachsen;LOC
hat;O
der;O
Regen;O
wieder;O
eingesetzt;O
Anlaufstellen;O
für;O
Sandsackbefüllung;O
Raguhn;LOC
Bahnhof;LOC
Altjeßnitz;LOC
Autohaus;O
Fietz;O
In;O
der;O
Wasserwehr;O
Greppin;LOC
werden;O
Helfer;O
eingewiesen;O
Bitte;O
informiert;O
euch;O
weiter;O
über;O
den;O
aktuellen;O
Zustand;O
und;O
haltet;O
euch;O
an;O
eventuelle;O
Anweisungen;O
Andre;O
Pachulski;O
Hilfe;O
Wir;O
gehen;O
unter;O
Könnten;O
jede;O
helfende;O
Hand;O
gebrauchen;O
um;O
wenigstens;O
den;O
grössten;O
Teil;O
unsere;O
Möbel;O
ins;O
OG;O
zu;O
bekommen;O
Ich;O
könnte;O
heulen;O
Bitte;O
bitte;O
bitte;O
wer;O
Zeit;O
hat;O
soll;O
nach;O
Holleben;LOC
Benkendorf;LOC
kommen;O
HELFER;O
IN;O
HOLLEBEN;LOC
BENKENDORF;LOC
GESUCHT;O
Andre;O
Pachulski;O
sucht;O
Hilfe;O
Wir;O
gehen;O
unter;O
Könnten;O
jede;O
helfende;O
Hand;O
gebrauchen;O
um;O
wenigstens;O
den;O
grössten;O
Teil;O
unsere;O
Möbel;O
ins;O
OG;O
zu;O
bekommen;O
Ich;O
könnte;O
heulen;O
Bitte;O
bitte;O
bitte;O
wer;O
Zeit;O
hat;O
Wo;O
kann;O
man;O
sich;O
als;O
freiwilliger;O
Helfer;O
melden;O
im;O
Stadtgebiet;O
Halle;LOC
Die;O
Stadt;O
Halle;LOC
sucht;O
freiwillige;O
Helfer;O
die;O
Sandsäcke;O
befüllen;O
Treffpunkt;O
Parkplatz;O
am;O
Waldkater;LOC
Hubertusplatz;LOC
Schönebeck;LOC
richtet;O
Krisenstab;O
ein;O
Stadt;O
sucht;O
dringend;O
Freiwilligige;O
für;O
Deichwache;O
Bitte;O
in;O
der;O
Gemeinde;O
vor;O
Ort;O
erkundigen;O
DRINGENDER;O
AUFRUF;O
DER;O
FEUERWEHREN;O
Freiwillige;O
Helfer;O
sollen;O
nicht;O
die;O
anrufen;O
Das;O
blockiere;O
den;O
Notruf;O
für;O
Notfälle;O
Wenn;O
jemand;O
aus;O
Bad;LOC
Dürrenberg;LOC
Hilfe;O
braucht;O
melden;O
ggf;O
läßt;O
sich;O
was;O
organiseren;O
Volksstimme;O
meldet;O
gerade;O
Gerwisch;LOC
sucht;O
dringend;O
Helfer;O
Sandsäcke;O
müssen;O
gefüllt;O
der;O
Sommerdeich;O
um;O
Zentimeter;O
erhöht;O
werden;O
Treffpunkt;O
Uhr;O
Feuerwehrgerätehaus;O
Aufnahmen;O
aus;O
Raguhn;LOC
Helfer;O
werden;O
gesucht;O
Bitte;O
am;O
Bahnhof;O
melden;O
Bürgertelefone;O
Raguhn-Jeßnitz;LOC
und;O
Muldestausee;LOC
Bitterfeld;LOC
Wolfen;LOC
und;O
HELFER;O
IN;O
GERWISCH;LOC
GESUCHT;O
Die;O
Volksstimme;O
meldet;O
Gerwisch;LOC
sucht;O
dringend;O
Helfer;O
Sandsäcke;O
müssen;O
gefüllt;O
der;O
Sommerdeich;O
um;O
Zentimeter;O
erhöht;O
werden;O
Treffpunkt;O
Uhr;O
Feuerwehrgerätehaus;O
Können;O
wir;O
rund;O
um;O
die;O
Uhr;O
in;O
Raguhn;LOC
oder;O
Jeßnitz;LOC
helfen;O
Wir;O
kommen;O
gleich;O
von;O
Nrw;LOC
nach;O
hause;O
um;O
euch;O
zu;O
helfen;O
Bitte;O
teilen;O
Hochwasser;O
Freiwilllige;O
Helfer;O
gesuch;O
Deich;O
in;O
Gerwisch;LOC
wird;O
erhöht;O
Am;O
Montag;O
dem;O
Juni;O
wurde;O
beschlossen;O
den;O
Gerwischer;O
Deich;O
ab;O
dem;O
Schöpfwerk;O
in;O
einer;O
Länge;O
von;O
Metern;O
um;O
Zentimeter;O
zu;O
erhöhen;O
Für;O
die;O
Befüllung;O
von;O
Sandsäcken;O
werden;O
deshalb;O
dringend;O
freiwillige;O
Helfer;O
gesucht;O
sagt;O
Ortswehrleiter;O
Wolfgang;O
Beckmann;O
wer;O
Zeit;O
hat;O
möge;O
bitte;O
kommen;O
und;O
uns;O
unterstützen;O
Natürlich;O
wurden;O
auch;O
alle;O
Ortswehren;O
alarmiert;O
aber;O
dennoch;O
wird;O
jede;O
helfende;O
Hand;O
benötigt;O
denn;O
es;O
gilt;O
Sandsäcke;O
zu;O
füllen;O
wie;O
Wolfgang;O
Beckmann;O
sagte;O
Bereits;O
am;O
Wochenende;O
hatten;O
die;O
Gerwischer;O
Kameraden;O
gut;O
Säcke;O
mit;O
Sand;O
befühlt;O
Jetzt;O
werden;O
sie;O
hauptsächlich;O
damit;O
beschäftigt;O
sein;O
den;O
Deich;O
fachgerecht;O
zu;O
erhöhen;O
Also;O
Kommen;O
Sie;O
und;O
helfen;O
Sie;O
mit;O
den;O
Deich;O
zu;O
sichern;O
Treffpunkt;O
ist;O
Uhr;O
an;O
der;O
Gerwischer;LOC
Kirche;LOC
HELFER;O
IN;O
DESSAU;LOC
GESUCHT;O
Wie;O
das;O
THW;O
mitteilte;O
werden;O
Helfer;O
zum;O
befüllen;O
von;O
Sandsäcken;O
auf;O
der;O
alten;O
Landebahn;O
gesucht;O
HELFER;O
IN;O
DESSAU;LOC
GESUCHT;O
Wie;O
das;O
THW;O
mitteilte;O
werden;O
Helfer;O
zum;O
befüllen;O
von;O
Sandsäcken;O
auf;O
der;O
alten;O
Landebahn;O
gesucht;O
Die;O
Stadt;O
Bad;LOC
Dürrenberg;LOC
sucht;O
Freiwillige;O
Helfer;O
wer;O
möchte;O
kann;O
sich;O
unter;O
der;O
Rufnummer;O
melden;O
Wo;O
soll;O
ich;O
Helfen;O
wo;O
es;O
dringend;O
ist;O
Der;O
Pegel;O
in;O
Trotha;LOC
hat;O
die;O
historische;O
Marke;O
von;O
Metern;O
überschritten;O
und;O
ist;O
um;O
bei;O
m;O
angelangt;O
Die;O
Feuerwehr;O
sucht;O
Helfer;O
zum;O
Sandsackbefüllen;O
Wo;O
wird;O
Hilfe;O
benötigt;O
Kann;O
man;O
irgendwie;O
in;O
Raum;O
Zeitz;LOC
noch;O
weiter;O
helfen;O
Sandsäcke;O
haben;O
wir;O
schon;O
fleißig;O
befüllt;O
Aber;O
man;O
möchte;O
weiter;O
helfen;O
LG;O
Ne;O
Übersicht;O
wo;O
direkt;O
noch;O
Hilfe;O
benötigt;O
wird;O
wäre;O
schön;O
Montag;O
Uhr;O
Bitterfelder;O
Krankenhaus;O
wird;O
evakuiert;O
Das;O
Krankenhaus;O
in;O
Bitterfeld;LOC
wird;O
jetzt;O
evakuiert;O
In;O
Dessau-Roßlau;LOC
rechnet;O
Oberbürgermeister;O
mit;O
höheren;O
Pegeln;O
von;O
Elbe;LOC
und;O
Mulde;LOC
als;O
im;O
Jahr;O
Bewohner;O
der;O
Vororte;O
Sollnitz;LOC
und;O
Kleutsch;LOC
sollen;O
sich;O
auf;O
eventuelle;O
Evakuierung;O
vorbereiten;O
Nun;O
wird;O
auch;O
versucht;O
mit;O
Bigpacks;O
zu;O
verhindern;O
dass;O
das;O
Muldewasser;O
die;O
A;O
nahe;O
Dessau-Süd;LOC
Möster;LOC
Höhen;LOC
überflutet;O
Die;O
ohnehin;O
baufälluige;O
Muldebrücke;O
Autobahnzubringer;O
B;O
in;O
Dessau;LOC
könnte;O
auch;O
gesperrt;O
werden;O
An;O
unsanierten;O
Deichen;O
in;O
der;O
Wasserstadt;O
an;O
der;O
Muluferrandstraße;LOC
und;O
im;O
Stadtteil;O
Kreuzberg;LOC
in;O
Dessau;LOC
drohen;O
Überspülungen;O
deshalb;O
werden;O
dort;O
Sandsäcke;O
errichtet;O
Helfer;O
sind;O
derzeit;O
im;O
Einsatz;O
Es;O
wird;O
Verstärkung;O
benötigt;O
Treffpunkt;O
Alte;LOC
Landebahn;LOC
in;O
Dessau;LOC
am;O
Flugplatz;O
Quelle;O
Radio;O
SAW;O
News-Ticker;O
Würden;O
uns;O
gern;O
im;O
Bereich;O
Zeitz;LOC
und;O
Wetterzeube;LOC
zum;O
Helfen;O
anmelden;O
so;O
richtig;O
gibt;O
es;O
keinen;O
Ansprechpartner;O
an;O
wen;O
muss;O
man;O
sich;O
wenden;O
Krisenstab;O
verwies;O
nur;O
an;O
DRK;O
DRK;O
hat;O
es;O
aufgenommen;O
meldet;O
sich;O
aber;O
nicht;O
sagt;O
bitte;O
wo;O
Ihr;O
im;O
Bereich;O
Zeitz;LOC
Wetterzeube;LOC
Hilfe;O
braucht;O
helfen;O
gern;O
Wohin;O
kann;O
man;O
sich;O
in;O
Halle;LOC
wenden;O
wenn;O
man;O
Hilfe;O
zum;O
Sandsäcketragen;O
oder;O
Sonstigen;O
anbieten;O
möchte;O
WICHTIG;O
FÜR;O
ALLE;O
BEWOHNER;O
IN;O
UM;O
BITTERFELD;LOC
Ab;O
Uhr;O
Vollsperrung;O
der;O
Straße;O
zwischen;O
Löbnitz;LOC
Pouch;LOC
Auf;O
der;O
Halbinsel;LOC
Pouch;LOC
Befüllung;O
von;O
Sandsäcken;O
für;O
alle;O
Betroffenen;O
FREIWILLIGE;O
HELFER;O
GESUCHT;O
Treffpunkt;O
Uhr;O
Halbinsel;LOC
Pou;LOC
DU;O
SUCHST;O
HILFE;O
DU;O
MÖCHTEST;O
HELFEN;O
Der;O
MDR;O
bietet;O
unter;O
folgendem;O
Link;O
einen;O
Austausch;O
von;O
Informationen;O
an;O
Wo;O
genau;O
in;O
Greppin;LOC
wird;O
Hilfe;O
gebraucht;O
Wo;O
in;O
Zeitz;LOC
und;O
Umgebung;O
wird;O
denn;O
noch;O
Hilfe;O
benötigt;O
Aktuelle;O
Bilder;O
von;O
der;O
Alten;LOC
Landebahn;LOC
in;O
Dessau;LOC
wo;O
derzeit;O
hunderte;O
Helfer;O
von;O
THW;O
Feuerwehr;O
Stadtpflege;O
DB;O
Werk;O
Dessau;LOC
u;O
s;O
w;O
Sandsäcke;O
im;O
Akkordeon;O
abfüllen;O
Weitere;O
Helfer;O
werden;O
benötigt;O
Werden;O
in;O
Dessau;LOC
Deichläufer;O
benötigt;O
HELFER;O
IN;O
VOCKERODE;LOC
BEI;O
DESSAU;LOC
GESUCHT;O
Hier;O
müssen;O
Vorbereitungen;O
für;O
die;O
Rettung;O
der;O
A;O
getroffen;O
werden;O
Treffpunkt;O
Feuerwehr;O
Es;O
werden;O
noch;O
Helfer;O
in;O
Dessau;LOC
gesucht;O
vor;O
allem;O
in;O
Waltersee;LOC
Wasserstadt;LOC
TRANSPORTER;O
LKW;O
S;O
ETC;O
GESUCHT;O
Für;O
den;O
Abtransport;O
von;O
Sandsäcken;O
auf;O
der;O
Halbinsel;LOC
Poch;LOC
werden;O
dringend;O
Transportfahrzeuge;O
gesucht;O
In;O
Magdeburg;LOC
können;O
sich;O
freiwillige;O
Helfer;O
ab;O
morgen;O
hier;O
melden;O
Quelle;O
mdr;O
de;O
Bitte;O
um;O
infos;O
Wo;O
muss;O
ich;O
melden;O
zum;O
helfen;O
Wer;O
Hände;O
hat;O
die;O
nichts;O
zu;O
tun;O
haben;O
Wasserstadt;O
Dessau;LOC
helfen;O
kommen;O
Jemand;O
aus;O
der;O
Region;O
um;O
Zörbig;LOC
der;O
zum;O
Helfen;O
nach;O
Raguhn;LOC
fährt;O
HALLE;LOC
SUCHT;O
HELFENDE;O
HÄNDE;O
An;O
der;O
Eissporthalle;O
werden;O
Helfer;O
gesucht;O
Werden;O
eventuell;O
an;O
der;O
mulde;LOC
dessau;LOC
noch;O
helfende;O
hände;O
gebraucht;O
wo;O
werden;O
helfer;O
in;O
der;O
bitterfelder;LOC
umgebung;O
gebraucht;O
ACHTUNG;O
ACHTUNG;O
Der;O
Deich;O
in;O
der;O
Wasserstadt;O
in;O
Dessau;LOC
droht;O
zu;O
brechen;O
Das;O
THW;O
benötigt;O
unsere;O
Hilfe;O
Wird;O
morgen;O
abend;O
auch;O
noch;O
in;O
halle;O
hilfe;O
benötigt;O
da;O
ich;O
erst;O
ab;O
morgen;O
gegen;O
abend;O
kann;O
Weiss;O
jemand;O
ob;O
in;O
schönebeck;LOC
noch;O
helfer;O
gebraucht;O
werden;O
Eben;O
habe;O
ich;O
einen;O
Anruf;O
von;O
der;O
Landebahn;O
Dessau;LOC
erhalten;O
Es;O
sind;O
ca;O
Helfer;O
vor;O
Ort;O
Bei;O
der;O
Einwohnerzahl;O
von;O
Dessau;LOC
ist;O
das;O
nicht;O
viel;O
ES;O
WERDEN;O
DINGEND;O
HELFER;O
AN;O
DER;O
LANDEBAHN;O
DESSAU;LOC
BENÖTIGT;O
bitte;O
helft;O
ES;O
KÖNNTE;O
AUCH;O
EUER;O
HAUS;O
SEIN;O
Wo;O
wird;O
hilfe;O
in;O
BTF;O
benötigt;O
HILFE;O
IN;O
HALLE;LOC
Wo;O
wird;O
noch;O
gebraucht;O
wo;O
ist;O
denn;O
ein;O
Treffpunkt;O
in;O
Magdeburg;LOC
komme;O
nicht;O
von;O
hier;O
und;O
kenne;O
mich;O
nicht;O
aus;O
will;O
aber;O
helfen;O
bitte;O
antworten;O
Weil;O
morgen;O
die;O
Schule;O
ausfällt;O
würden;O
einige;O
Schüler;O
des;O
Heinrich-Heine-Gymnasiums;O
Bitterfeld;LOC
Wolfen;LOC
mit;O
anpacken;O
wollen;O
Wo;O
wird;O
den;O
besonders;O
Hilfe;O
benötigt;O
Auf;O
der;O
alten;O
Landebahn;O
in;O
Dessau-Roßlau;LOC
können;O
fleißige;O
Helfer;O
sind;O
einfinden;O
und;O
mit;O
Sandsäcke;O
befüllen;O
In;O
Kleutsch;LOC
werden;O
noch;O
Helfer;O
benötigt;O
für;O
die;O
Evakuierung;O
des;O
Tierheimes;O
dort;O
Diese;O
Nachricht;O
haben;O
wir;O
vor;O
ca;O
min;O
von;O
einem;O
Helfer;O
erhalten;O
ES;O
WERDEN;O
SEEEEEHR;O
DRINGEND;O
VIELE;O
HELFER;O
IM;O
WALDKATER;LOC
AN;LOC
DER;LOC
HEIDE;LOC
IN;O
HALLE;LOC
SAALE;O
GESUCHT;O
WEGEN;O
SANDSÄCKE;O
BEFÜLLEN;O
UND;O
AUFBAUEN;O
JEDE;O
HELFENDE;O
HAND;O
IST;O
UNS;O
WICHTIG;O
BITTE;O
BITTE;O
KOMMT;O
UND;O
HELFT;O
UNS;O
DIE;O
STADT;O
ZU;O
RETTEN;O
DIE;O
STADT;O
HALLE;LOC
BESCHREIBT;O
DIE;O
SITUATION;O
ALS;O
KRITISCH;O
DRINGEND;O
HELFER;O
GESUCHT;O
EILMELDUNG;O
AUS;O
DESSAU;LOC
In;O
der;O
Dessauer;LOC
Hagenbreite;LOC
gibt;O
ein;O
Deich;O
nach;O
Dringend;O
Helfer;O
mit;O
Sandsäcken;O
benötigt;O
Vockerode;LOC
braucht;O
für;O
morgen;O
dringend;O
Helfer;O
Ab;O
um;O
uhr;O
Wo;O
kann;O
man;O
in;O
Magdeburg;LOC
helfen;O
Dringende;O
Helfer;O
in;O
Groß;LOC
Rosenburg;LOC
an;O
der;O
Saale;LOC
ab;O
morgen;O
um;O
Uhr;O
gesucht;O
zum;O
Sandsäcke;O
befüllen;O
und;O
schleppen;O
Treff;O
Fabrikstraße;LOC
auf;O
dem;O
Hof;O
von;O
Graumann;O
s;O
Es;O
werden;O
auch;O
Leute;O
für;O
die;O
Deichwache;O
gesucht;O
Ab;O
wann;O
kann;O
man;O
morgen;O
in;O
Dessau;LOC
an;O
der;O
Landebahn;O
helfen;O
Wo;O
wird;O
zurzeit;O
am;O
dringensten;O
Hilfe;O
benötigt;O
Darf;O
man;O
jetzt;O
eingentlich;O
schon;O
ab;O
helfen;O
oder;O
nicht;O
Bitte;O
Dringend;O
mit;O
LKW;O
s;O
und;O
Staplern;O
zum;O
THW;O
Dessau;LOC
Alte;LOC
Landebahn;LOC
kommen;O
volle;O
säcke;O
müssen;O
abgeholt;O
werden;O
Komme;O
gerade;O
vom;O
Helfen;O
am;O
gimritzer;LOC
damm;LOC
in;O
Halle;LOC
Es;O
schaut;O
mega;O
bescheiden;O
aus;O
Helfer;O
werden;O
noch;O
immer;O
gebraucht;O
nur;O
an;O
der;O
koorination;O
vor;O
Ort;O
muss;O
dringend;O
gearbeitet;O
werden;O
Hochwasser-Koordinierung;O
für;O
freiwillige;O
Helfer;O
läuft;O
in;O
Zeitz;LOC
über;O
die;O
Telefonnummer;O
Wo;O
wird;O
Hilfe;O
benötigt;O
Sind;O
aus;O
Köthen;LOC
und;O
haben;O
zeit;O
Hallo;O
zusammen;O
Also;O
ich;O
hab;O
nun;O
mehrfach;O
überlegt;O
wie;O
auch;O
ich;O
helfen;O
kann;O
Folgende;O
Idee;O
Ich;O
bin;O
zum;O
einen;O
gelernter;O
Koch;O
aus;O
Rachs;O
Restaurantschule;O
als;O
aber;O
auch;O
ausgebildeter;O
Rettungsassistent;O
wenn;O
IRGENDJEMAND;O
eine;O
Ahnung;O
hat;O
wo;O
genau;O
meine;O
Hilfe;O
sei;O
es;O
bei;O
der;O
Verpflegung;O
als;O
aber;O
auch;O
bei;O
Rettungsmaßnahmen;O
sprich;O
Evakuierung;O
Sandsack;O
etc;O
gebraucht;O
werden;O
kann;O
könnte;O
dann;O
meldet;O
euch;O
doch;O
Kommentiert;O
einfach;O
oder;O
schreibt;O
mir;O
am;O
besten;O
direkt;O
eine;O
eMail;O
aufs;O
Handy;O
mishi;O
kuehnel;O
gmail;O
com;O
P;O
S;O
Ja;O
ich;O
komme;O
zwar;O
aus;O
Hannover;LOC
aber;O
zu;O
euch;O
rüber;O
ist;O
ja;O
nun;O
nicht;O
zwigend;O
so;O
weit;O
LG;O
wo;O
kann;O
ich;O
morgen;O
nach;O
uhr;O
mit;O
helfen;O
Benötigt;O
noch;O
wer;O
Hilfe;O
In;O
ganz;O
Deutschland;LOC
verfügbar;O
Ich;O
kann;O
morgen;O
den;O
ganzen;O
tag;O
Sagt;O
mir;O
bescheid;O
wo;O
Meine;O
Freundin;O
und;O
ich;O
wollen;O
morgen;O
auch;O
helfen;O
kommen;O
in;O
halle;LOC
oder;O
Leipzig;LOC
kann;O
mir;O
jemand;O
helfen;O
und;O
sagen;O
wo;O
wir;O
uns;O
hinwenden;O
können;O
telefonnummer;O
ect;O
Fahre;O
morgen;O
Nachmittag;O
von;O
Roßlau;LOC
nach;O
Dessau;LOC
zum;O
Helfen;O
Könnte;O
noch;O
jemanden;O
mitnehmen;O
Wie;O
kann;O
man;O
helfen;O
Ich;O
bin;O
in;O
Frankfurt;LOC
und;O
habe;O
Ferien;O
zwei;O
Beine;O
und;O
Arme;O
Wäre;O
schön;O
wenn;O
die;O
Bahn;O
da;O
was;O
machen;O
könnte;O
bräuchte;O
auch;O
eine;O
schlaf;O
Möglichkeit;O
Ideen;O
Wie;O
kann;O
ich;O
aus;O
der;O
ferne;O
helfen;O
Scheiße;O
ich;O
komm;O
aus;O
biederitz;LOC
und;O
ich;O
muss;O
arbeiten;O
würd;O
sofort;O
helfen;O
bin;O
Kraftfahrer;O
Ich;O
versuch;O
gerade;O
ne;O
Kieler;O
Gruppe;O
fürs;O
Wochenende;O
zu;O
mobilisieren;O
um;O
zu;O
helfen;O
mit;O
wem;O
kann;O
ich;O
in;O
Kontakt;O
treten;O
um;O
ca;O
Donnerstag;O
zu;O
erfahren;O
wo;O
man;O
am;O
ehesten;O
gebraucht;O
wird;O
Soeben;O
wurden;O
alle;O
freiwilligen;O
Helfer;O
und;O
Medienvertreter;O
aufgefordert;O
die;O
Einsatzstelle;O
am;O
Gimritzer;LOC
Damm;LOC
umgehend;O
zu;O
verlassen;O
Nur;O
die;O
Feuerwehrleute;O
verbleiben;O
noch;O
vor;O
Ort;O
Wir;O
haben;O
grad;O
keine;O
gute;O
Vorahnung;O
Ich;O
kann;O
erst;O
ab;O
Freitag;O
helfen;O
Werden;O
Sachen;O
Bettwäsche;O
oder;O
Decken;O
benötigt;O
Ich;O
möchte;O
aber;O
nicht;O
stören;O
oder;O
als;O
Gaffer;O
gelten;O
Viele;O
Leute;O
von;O
uns;O
würden;O
Kuchen;O
backen;O
um;O
etwas;O
zu;O
tun;O
Essen;O
muss;O
man;O
immer;O
An;O
wen;O
soll;O
ich;O
mich;O
wenden;O
grüße;O
also;O
wenn;O
jemand;O
noch;O
Hilfe;O
brauch;O
in;O
meiner;O
Region;O
komme;O
aus;O
Köthen;LOC
wegen;O
Hochwasser;O
am;O
Mittwoch;O
hätte;O
ich;O
zeit;O
bitte;O
per;O
PN;O
melden;O
man;O
müsste;O
mich;O
dann;O
eben;O
nur;O
abholen;O
Freiwillige;O
Helfer;O
für;O
Magdeburg;LOC
können;O
sich;O
ab;O
Uhr;O
beim;O
Bürgertelefon;O
melden;O
kann;O
man;O
irgendwie;O
helfen;O
mit;O
irgendwas;O
auch;O
wenn;O
man;O
km;O
weg;O
wohnt;O
würde;O
gern;O
helfen;O
für;O
raguhn;LOC
jessnitz;LOC
bitterfeld;LOC
und;O
so;O
Kann;O
noch;O
in;LOC
Raguhn;LOC
und;LOC
Sollnitz;LOC
oder;O
so;O
helfen;O
hab;O
Traktor;O
und;O
Hänger;O
zum;O
Transport;O
von;O
Sandsäcken;O
oder;O
anderes;O
dabei;O
Sind;O
von;O
Möhlau;LOC
nur;O
min;O
für;O
mich;O
anrufen;O
und;O
ich;O
mach;O
los;O
oder;O
einfach;O
so;O
Bescheid;O
geben;O
hab;O
Zeit;O
Halle;LOC
Auch;O
aus;O
der;O
Innenstadt;O
gibt;O
es;O
neue;O
Meldungen;O
Der;O
Glauchaer;LOC
Platz;LOC
ist;O
komplett;O
gesperrt;O
hier;O
drückt;O
das;O
Wasser;O
durch;O
die;O
Gullydeckel;O
alles;O
steht;O
unter;O
Wasser;O
Am;O
Gimritzer;LOC
Damm;LOC
wird;O
jetzt;O
weiter;O
gearbeitet;O
Auch;O
die;O
freiwilligen;O
Helfer;O
sind;O
wieder;O
im;O
Einsatz;O
Die;O
Evakuierung;O
vorhin;O
erfolgte;O
nur;O
vorsorglich;O
Wer;O
zeit;O
hat;O
komme;O
an;O
die;O
spitze;O
in;O
halle;LOC
Wasserstadt;O
in;O
Dessau;LOC
nicht;O
mehr;O
für;O
Freiwilligehelfer;O
frei;O
Muldepegel;O
nicht;O
mehr;O
ablesbar;O
an;O
Dessauer;LOC
Muldebrücke;LOC
Am;O
Gimritzerdam;LOC
wird;O
noch;O
Hilfe;O
gesucht;O
Sandsäcke;O
füllen;O
und;O
verladen;O
Sammelstelle;O
ist;O
am;O
Hubertusplatz;LOC
Nähe;O
waldkarter;LOC
HalleON;O
de;O
Am;O
wurde;O
in;O
Trotha;LOC
der;O
an;O
dieser;O
Station;O
bis;O
vor;O
einer;O
Stunde;O
höchste;O
Pegel;O
aller;O
Zeiten;O
bei;O
Metern;O
gemessen;O
Jetzt;O
sind;O
wir;O
bei;O
m;O
Uhr;O
Wenn;O
ihr;O
Zeit;O
und;O
Kraft;O
habt;O
könnt;O
ihr;O
euch;O
zum;O
Sandsackbefüllen;O
melden;O
Alle;O
Infos;O
dazu;O
auf;O
Wer;O
die;O
Einsatzkräfte;O
beim;O
Sandsackfüllen;O
unterstützen;O
möchte;O
kann;O
sich;O
beim;O
Bürgertelefon;O
melden;O
Die;O
Landeshauptstadt;O
hat;O
unter;O
ein;O
Bürgertelefon;O
geschaltet;O
das;O
ab;O
Dienstag;O
von;O
bis;O
Uhr;O
geschaltet;O
ist;O
Lokalräumung;O
in;O
Stein;LOC
WELLENSPIEL;O
Helfer;O
ab;O
früh;O
gesucht;O
Diese;O
Personen;O
würden;O
Helfen;O
einfach;O
bei;O
diesen;O
Personen;O
melden;O
Raum;O
St;LOC
Valentin;LOC
Steyr;LOC
Raum;O
Krems;LOC
Steyr;LOC
Garsten;LOC
In;O
kürze;O
weitere;O
Helfer;O
VON;O
Sabrina;O
Zeugswetter;O
Kloster;LOC
Und;O
in;O
Stein;LOC
würde;O
Sandsäcke;O
benötigen;O
Denise;O
Dvorak;O
möchte;O
euch;O
wieterhin;O
mit;O
Semmeln;O
Broten;O
und;O
Getränke;O
aushelfen;O
Zu;O
wählen;O
und;O
nennen;O
ist;O
Rotes;O
Kreuz;O
Herzogenburg;LOC
Denise;O
Dvorak;O
Ab;O
Uhr;O
hat;O
hat;O
sie;O
Zeit;O
für;O
Betroffene;O
ACHTUNG;LOC
Jeder;O
der;O
helfen;O
will;O
einfach;O
nach;O
Stein;LOC
kommen;O
und;O
Hilfe;O
anbieten;O
es;O
gibt;O
einige;O
die;O
Hilfe;O
brauchen;O
z;O
B;O
auch;O
Sandsäcke;O
füllen;O
und;O
schlichten;O
usw;O
Suche;O
Mitfahrgelegenheit;O
zur;O
Hochwassergebieten;O
von;O
Amberg;LOC
in;O
der;O
Opf;LOC
zum;O
helfen;O
Würde;O
auch;O
gern;O
helfen;O
bin;O
ausgebildeter;O
wasserretter;O
und;O
sanitäter;O
komm;O
aus;O
der;O
nähe;O
hersbruck;LOC
wird;O
vor;O
Ort;O
noch;O
Hilfe;O
benötigt;O
hab;O
mich;O
bereits;O
über;O
Antenne;O
Bayern;LOC
gemeldet;O
aber;O
noch;O
keine;O
Rückmeldung;O
bekommen;O
bin;O
so;O
weit;O
fertig;O
und;O
könnte;O
losfahren;O
Sandsäcke;O
befüllen;O
o;O
ä;O
also;O
in;O
landkreis-kelheim;LOC
droht;O
ein;O
deich;O
zu;O
brchen;O
also;O
wer;O
hin;O
kann;O
es;O
werden;O
pumpen;O
und;O
sandsäcke;O
gebraucht;O
und;O
leute;O
ich;O
würde;O
auch;O
jederzeit;O
helfen;O
egal;O
welcher;O
art;O
Bitte;O
einfach;O
bescheid;O
geben;O
Gebiet;O
Passau;LOC
Die;O
Feuerwehr;O
Manching;LOC
sucht;O
Helfer;O
zum;O
Sandsäcke;O
befüllen;O
Helfer;O
sollen;O
sich;O
unter;O
der;O
melden;O
sodass;O
dies;O
koordiniert;O
werden;O
kann;O
Hallo;O
ich;O
bin;O
Mitglied;O
in;O
der;O
Freiwilligen;O
Feuerwehr;O
Markt;LOC
Ipsheim;LOC
Dort;O
bin;O
ich;O
stellv;O
Kommandant;O
und;O
ausgebildeter;O
Zugführer;O
Gerne;O
helfe;O
ich;O
in;O
einem;O
der;O
Katastrophengebiete;O
mit;O
Ich;O
bin;O
ebenfalls;O
Zugführer;O
der;O
Freiwilligen;O
Feuerwehr;O
und;O
komme;O
natürlich;O
zur;O
Hilfe;O
Also;O
laut;O
Telefonauskunft;O
entspannt;O
sich;O
die;O
Lage;O
in;O
Manching;LOC
da;O
sehr;O
sehr;O
viele;O
Helfer;O
vor;O
Ort;O
sind;O
Kann;O
tag;O
nacht;O
helfen;O
Man;O
gibt;O
sein;O
bestes;O
Ich;O
habe;O
Mittwoch;O
und;O
Donnerstag;O
vorraussichtlich;O
frei;O
also;O
ich;O
kann;O
helfen;O
an;O
den;O
Tagen;O
Kann;O
man;O
noch;O
wo;O
helfen;O
würde;O
gerne;O
helfen;O
gehen;O
hab;O
aber;O
leider;O
kein;O
Auto;O
komme;O
aus;O
Nürnberg;LOC
Gehör;O
auch;O
zu;O
passau;LOC
Passau;LOC
vilshofen;LOC
könnte;O
ich;O
helfen;O
Wenn;O
jemand;O
hilfe;O
braucht;O
AUFRÄUMEN;O
SANIEREN;O
RENOVIEREN;O
ENTRUMMPELN;O
ETC;O
einfach;O
pn;O
an;O
mich;O
habe;O
urlaub;O
und;O
helfe;O
gern;O
Braucht;O
jemand;O
in;O
oederan;LOC
oder;O
Umgebung;O
Hilfe;O
Hab;O
noch;O
vier;O
Stunden;O
bis;O
ich;O
meine;O
Mäuse;O
wieder;O
abholen;O
muss;O
werden;O
noch;O
helfer;O
für;O
leipzig;LOC
gesucht;O
weiß;O
jemand;O
ob;O
in;O
Leisnig;LOC
und;O
Umgebung;O
aktuell;O
noch;O
Hilfe;O
gebraucht;O
wird;O
Hallo;O
liebe;O
Sachsen;LOC
ich;O
bin;O
zwar;O
Preuße;O
aber;O
dezeit;O
Wochen;O
auf;O
Studienreise;O
in;O
Dippoldiswalde;LOC
und;O
Umgebung;O
unterwegs;O
Wenn;O
jemand;O
in;O
der;O
nähe;O
Hände;O
und;O
ein;O
Auto;O
braucht;O
schreibt;O
mich;O
an;O
Wo;O
wird;O
in;O
Freiberg;LOC
und;O
Umgebung;O
noch;O
Hilfe;O
benötigt;O
Wir;O
erhalten;O
zahlreiche;O
Hilfsangebote;O
auf;O
Einfach;O
Freiberg;LOC
aber;O
alle;O
uns;O
bekannten;O
Stellen;O
verfügen;O
aktuell;O
über;O
ausreichend;O
Helfer;O
Leipzig;LOC
SEHR;O
DRINGEND;O
AB;O
SOFORT;O
HELFER;O
GESUCHT;O
Am;O
Reiterhof;O
Knauthain;LOC
und;O
an;O
der;O
Brückenstraße;LOC
die;O
Dämme;O
sind;O
kurz;O
vor;O
dem;O
Brechen;O
und;O
jede;O
helfende;O
Hand;O
ist;O
gerade;O
notwendig;O
Wer;O
Hilfe;O
in;O
Chemnitz;LOC
und;O
Umgebung;O
brauch;O
bitte;O
melden;O
Ich;O
biete;O
auch;O
meine;O
Hilfe;O
an;O
für;O
morgen;O
früh;O
Im;O
Raum;O
Dresden;LOC
Einfach;O
melden;O
Wo;O
kann;O
ich;O
im;O
Raum;O
Oederan;LOC
helfen;O
Auto;O
zwei;O
Hände;O
sind;O
verfügbar;O
für;O
den;O
Rest;O
des;O
heutigen;O
Abends;O
ich;O
wäre;O
auch;O
gern;O
bereit;O
zu;O
helfen;O
im;O
raum;O
leipzig;LOC
ich;O
bin;O
jedoch;O
auf;O
öffentliche;O
verkehrsmittel;O
angewiesen;O
bei;O
bedarf;O
geb;O
ich;O
zur;O
besseren;O
koordination;O
gerne;O
meine;O
handynummer;O
raus;O
Ein;O
großes;O
Lob;O
an;O
den;O
Gründer;O
dieser;O
Gruppe;O
ich;O
denke;O
es;O
gibt;O
sehr;O
viele;O
Menschen;O
die;O
gern;O
helfen;O
würden;O
aber;O
nicht;O
genau;O
wissen;O
wo;O
genau;O
sie;O
sich;O
hinwenden;O
sollen;O
und;O
ihr;O
Hilfe;O
anbieten;O
können;O
wie;O
ich;O
zum;O
Beispiel;O
Demnach;O
biete;O
ich;O
also;O
meine;O
Hilfe;O
im;O
Raum;O
Plauen;LOC
an;O
und;O
hoffe;O
dass;O
sie;O
gebraucht;O
wird;O
Gudrun;O
Ebert;O
In;O
Leipzig;LOC
an;O
der;O
Brückenstrasse;LOC
drohen;O
die;O
Dämme;O
am;O
brechen;O
Es;O
wird;O
um;O
jede;O
helfende;O
Hand;O
gebeten;O
vor;O
Minuten;O
Wir;O
haben;O
hier;O
viele;O
die;O
Hilfe;O
anbieten;O
Schreibt;O
nochmal;O
wer;O
Hilfe;O
braucht;O
denn;O
in;O
der;O
masse;O
geht;O
einiges;O
unter;O
Danke;O
biete;O
unterkunft;O
und;O
hilfe;O
an;O
im;O
raum;O
chemnitz;LOC
auch;O
mit;O
baby;O
möglich;O
einfach;O
anschreiben;O
lg;O
nina;O
Kann;O
auch;O
helfen;O
egal;O
wo;O
bin;O
bereit;O
nur;O
schreiben;O
und;O
ich;O
bin;O
da;O
ok;O
lg;O
maik;O
Biete;O
Hilfe;O
Rings;O
um;O
Freiberg;LOC
an;O
eventuele;O
wasserabwehr;O
und;O
aufräum;O
arbeiten;O
nach;O
der;O
flut;O
sind;O
zu;O
zweit;O
und;O
mobil;O
auch;O
für;O
besorgungen;O
stehen;O
wir;O
zur;O
verfügung;O
Kann;O
im;O
raum;O
Flöha;LOC
und;O
Freiberg;LOC
helfen;O
es;O
werden;O
dringen;O
helfende;O
hände;O
benötigt;O
da;O
der;O
damm;O
in;O
knautkkleeberg;LOC
zu;O
brechen;O
scheint;O
Deshalb;O
sollen;O
alle;O
freiwilligen;O
Helfer;O
bitte;O
ins;O
Kieswerk;O
Kleinpösna;LOC
Kiesgrubenstraße;LOC
Leipzig;LOC
um;O
Sandsäcke;O
zu;O
füllen;O
Am;O
Damm;O
direkt;O
werden;O
keine;O
Helfer;O
benötigt;O
da;O
es;O
dort;O
zu;O
gefährlich;O
wird;O
wer;O
hilfe;O
braucht;O
bitte;O
per;O
pn;O
an;O
mich;O
melden;O
müsste;O
blos;O
abgeholt;O
werden;O
da;O
ich;O
kein;O
geld;O
mehr;O
habe;O
standort;O
mittweida;LOC
Wo;O
kann;O
ich;O
im;O
Raum;O
Oederan;LOC
helfen;O
Heute;O
Abend;O
hat;O
keiner;O
angefragt;O
am;O
Mittwoch;O
Donnerstag;O
kann;O
ich;O
auch;O
wieder;O
ab;O
Uhr;O
Wer;O
also;O
kostenlose;O
Hilfe;O
beim;O
Aufräumen;O
braucht;O
bitte;O
melden;O
Auto;O
zwei;O
Hände;O
sind;O
verfügbar;O
noch;O
mal;O
mein;O
angebot;O
wer;O
hilfe;O
braucht;O
bitte;O
per;O
pn;O
an;O
mich;O
melden;O
müsste;O
blos;O
abgeholt;O
werden;O
da;O
ich;O
kein;O
geld;O
mehr;O
habe;O
standort;O
mittweida;LOC
und;O
ich;O
hab;O
probleme;O
mit;O
den;O
logo;O
runter;O
laden;O
per;O
handy;O
deshalb;O
setze;O
ic;O
es;O
noch;O
ma;O
so;O
rein;O
da;O
kann;O
es;O
jeder;O
haben;O
Biete;O
Hilfe;O
an;O
Leipzig;LOC
oder;O
Eilenburg;LOC
Gern;O
auch;O
Quartier;O
gern;O
mit;O
Haustieren;O
Erstmal;O
Danke;O
an;O
die;O
Helfer;O
der;O
BF;O
der;O
FFW;O
des;O
THW;O
und;O
allen;O
anderen;O
freiwilligen;O
Helfern;O
Ich;O
bin;O
stelv;O
Elternsprecher;O
der;O
Klasse;O
b;O
der;O
Lernförderschule;O
in;O
Flöha;LOC
und;O
suche;O
auf;O
diesem;O
Wege;O
noch;O
Helfer;O
die;O
uns;O
beim;O
aufräumen;O
und;O
säubern;O
der;O
Schule;O
helfen;O
können;O
Beginn;O
wäre;O
morgen;O
Die;O
Kirchbrücke;LOC
ist;O
leider;O
noch;O
nicht;O
passierbar;O
daher;O
muss;O
der;O
Umweg;O
über;O
die;O
neue;O
Umgehungsstraße;O
genommen;O
werden;O
Wir;O
würden;O
uns;O
freuen;O
wenn;O
sich;O
einige;O
finden;O
und;O
uns;O
beim;O
aufräumen;O
unterstützen;O
Danke;O
im;O
Vorraus;O
und;O
allen;O
Betroffenen;O
alles;O
Gute;O
Jens;O
Volkmann;O
Bei;O
Bedarf;O
helf;O
ich;O
gern;O
auch;O
aus;O
Ich;O
kann;O
zwar;O
keine;O
freien;O
Schlafplätze;O
anbieten;O
aber;O
biete;O
Hilfe;O
beim;O
Räumen;O
und;O
jeglicher;O
Art;O
wo;O
ich;O
was;O
tun;O
kann;O
an;O
Bitte;O
gebt;O
mir;O
bescheid;O
Falls;O
trotzdem;O
jemand;O
medizinische;O
Hilfe;O
benötigt;O
meldet;O
euch;O
Wer;O
hilfe;O
braucht;O
in;O
und;O
um;O
Chemnitz;LOC
kann;O
sich;O
hier;O
melden;O
vorallem;O
schlafplätze;O
Wer;O
Hilfe;O
braucht;O
bitte;O
melden;O
Helfe;O
gern;O
wo;O
soll;O
ich;O
hinkommen;O
Wer;O
hilfe;O
braucht;O
einfach;O
melden;O
Also;O
in;O
diesem;O
Sinne;O
will;O
ich;O
auch;O
meine;O
Hilfe;O
anbieten;O
ganz;O
gleich;O
um;O
was;O
es;O
sich;O
handelt;O
ob;O
aus;O
chemnitz;LOC
oder;O
Umgebung;O
ihr;O
sollt;O
wissen;O
das;O
ich;O
da;O
bin;O
um;O
zuhelfen;O
und;O
ich;O
werde;O
alles;O
erdenklich;O
mögliche;O
mache;O
um;O
zu;O
helfen;O
soweit;O
es;O
mir;O
möglich;O
ist;O
Wo;O
kann;O
man;O
noch;O
mit;O
anpacken;O
in;O
Chemnitz;LOC
Ich;O
möchte;O
was;O
tun;O
wir;O
suchen;O
freiwillige;O
Helfer;O
die;O
mit;O
nach;O
Erfenschlagzum;LOC
Nachteinsatz;O
kommen;O
und;O
helfen;O
desweiteren;O
benötigen;O
wir;O
Regenkleidung;O
und;O
Gummistiefel;O
wer;O
kann;O
helfen;O
Ich;O
hab;O
nächste;O
Woche;O
Urlaub;O
und;O
könnte;O
beim;O
Putzen;O
Aufräumen;O
was;O
auch;O
immer;O
helfen;O
Ab;O
ca;O
Uhr;O
bin;O
ich;O
dann;O
im;O
Ortsteil;O
Ottendorf;LOC
bei;O
Mittweida;LOC
unterwegs;O
Bei;O
Hilfe;O
in;O
dieser;O
Gegend;O
bitte;O
anrufen;O
Jeanette;O
Straßner;O
hat;O
meine;O
Nummer;O
Hey;O
es;O
ist;O
nie;O
auszuschließen;O
das;O
jemand;O
Hilfe;O
Benötigt;O
ich;O
denke;O
wer;O
das;O
beherrscht;O
kann;O
AUch;O
da;O
helfen;O
Egal;O
ob;O
ersthelfer;O
Leihe;O
oder;O
Sanitäter;O
Eine;O
Studenten;O
und;O
Ich;O
haben;O
morgen;O
auch;O
Zeit;O
wenn;O
jemand;O
einen;O
Ort;O
weiß;O
wo;O
man;O
helfen;O
kann;O
oder;O
direkt;O
jemand;O
Hilfe;O
braucht;O
Wir;O
haben;O
ein;O
Auto;O
bereit;O
stehen;O
Wenn;O
ihr;O
Hilfe;O
braucht;O
im;O
Raum;O
stl;LOC
da;O
würde;O
ich;O
da;O
sein;O
Hab;O
gummistiefel;O
und;O
klapp;O
Spaten;O
im;O
Auto;O
bin;O
noch;O
bis;O
wach;O
denk;O
ich;O
In;O
Aue;LOC
werden;O
noch;O
dringend;O
Leute;O
benötigt;O
zum;O
schaufeln;O
und;O
fahren;O
von;O
sandsacken;O
Die;O
Lage;O
wird;O
noch;O
ernster;O
da;O
die;O
talsperren;O
heut;O
Nacht;O
nochmal;O
abgelassen;O
werden;O
müssen;O
Bitte;O
helfen;O
und;O
oder;O
teilen;O
Wer;O
Hilfe;O
benötigt;O
soll;O
sich;O
bitte;O
melden;O
Gerade;O
noch;O
reingekommen;O
für;O
die;O
aus;O
der;O
nähe;O
HILFE;O
HOCHWASSER;O
HELFT;O
DÖBELN;LOC
WIR;O
BRAUCHEN;O
HILFE;O
VON;O
AUSSEN;O
BITTE;O
TEILEN;O
SO;O
OFT;O
WIE;O
MÖGLICH;O
BITTE;O
WENDET;O
EUCH;O
AN;O
DAS;O
THW;O
ODER;O
DRK;O
UND;O
FEUERWEHR;O
IN;O
DÖBELN;LOC
In;O
Aue;LOC
dem;O
städtischen;O
Betriebshof;O
beim;O
Bahnhof;O
wird;O
jede;O
helfende;O
Hand;O
gebraucht;O
Es;O
geht;O
darum;O
dass;O
dort;O
wirklich;O
wirklich;O
wirklich;O
jeder;O
Helfer;O
gebraucht;O
wird;O
Und;O
es;O
fahren;O
dort;O
auch;O
schon;O
Einige;O
seit;O
Stunden;O
Sandsäcke;O
hin;O
und;O
her;O
Man;O
kommt;O
ran;O
über;O
Hartenstein;LOC
und;O
Lösnitz;LOC
also;O
über;O
die;O
Umgehungsstrasse;O
da;O
geht;O
es;O
noch;O
am;O
besten;O
Wer;O
zieht;O
die;O
Gummistiefel;O
an;O
und;O
ist;O
bereit;O
los;O
zu;O
fahren;O
Wir;O
haben;O
freie;O
schlafplätze;O
in;O
Burgstädt;LOC
wo;O
wird;O
hilfe;O
gebraucht;O
ich;O
komme;O
Hallo;O
würden;O
auch;O
gern;O
vor;O
Ort;O
helfen;O
Wo;O
werden;O
wir;O
den;O
gebraucht;O
bzw;O
wo;O
kommen;O
wir;O
vom;O
Kaßberg;LOC
aus;O
hin;O
wir;O
kommen;O
gerade;O
vom;O
einsatz;O
wenn;O
in;O
nächster;O
zeit;O
noch;O
jemand;O
hilfe;O
braucht;O
wir;O
wären;O
da;O
D;O
Feuerwehr;O
Glauchau;LOC
braucht;O
immer;O
noch;O
Hilfe;O
Geht;O
hin;O
und;O
füllt;O
mit;O
Sandsäcke;O
Das;O
wäre;O
supi;O
Wir;O
kommen;O
grad;O
von;O
da;O
Beste;O
Grüße;O
von;O
Irr;O
Licht;O
Aktuelle;O
Information;O
Helfer;O
können;O
sich;O
dort;O
melden;O
Hi;O
Wo;O
kann;O
man;O
körperlichen;O
Einsatz;O
leisten;O
Habe;O
zeit;O
und;O
würde;O
gern;O
Unterstützung;O
leisten;O
Infos;O
mit;O
Nummer;O
erbeten;O
Wird;O
in;O
Erfenschlag;LOC
noch;O
Hilfe;O
benötigt;O
Könnte;O
nochmal;O
hinkommen;O
braucht;O
die;O
feuerwehr;O
noch;O
hilfe;O
am;O
erfenschlag;LOC
weiß;O
da;O
jemand;O
was;O
wenn;O
jmd;O
einen;O
schlafplatz;O
braucht;O
oder;O
sowas;O
kann;O
ich;O
versuchen;O
zu;O
helfen;O
Wohne;O
in;O
Lugau;LOC
das;O
ist;O
noch;O
gut;O
erreichbar;O
und;O
hat;O
derzeit;O
keine;O
Probleme;O
sonst;O
kann;O
ich;O
auch;O
evtl;O
Leute;O
versorgen;O
Auto;O
habe;O
ich;O
versuche;O
heute;O
in;O
stollberg;LOC
zu;O
helfen;O
falls;O
nötig;O
sonst;O
in;O
Chemnitz;LOC
arbeite;O
in;O
Chemnitz;LOC
könnte;O
also;O
auch;O
MFG;O
anbieten;O
einfach;O
melden;O
bitte;O
Biete;O
schlafplätze;O
für;O
personen;O
in;O
getrennten;O
räumen;O
Zudem;O
haben;O
wir;O
nun;O
ne;O
Truppe;O
von;O
Leuten;O
zam;O
gestellt;O
die;O
irgendwo;O
helfen;O
wollen;O
bitte;O
meldet;O
euch;O
Würde;O
gewisse;O
Menge;O
an;O
finanziellen;O
Mitteln;O
bereitstellen;O
sei;O
es;O
für;O
Lebensmittel;O
Kleidung;O
oder;O
ähnliches;O
Dazu;O
auch;O
meine;O
zwei;O
Hände;O
für;O
Aufräumarbeiten;O
wer;O
sie;O
benötigt;O
Hilfsangebot;O
der;O
HWK;O
Chemnitz;LOC
für;O
alle;O
Betroffenen;O
Uhr;O
Gerade;O
geführtes;O
Telefonat;O
mit;O
dem;O
Einsatzstab;O
Chemnitz;LOC
ergab;O
Momentan;O
werden;O
direkt;O
in;O
Chemnitz;LOC
keine;O
Privatpersonen;O
als;O
Helfer;O
benötigt;O
da;O
primär;O
die;O
Einsatzkräfte;O
der;O
FW;O
und;O
THW;O
usw;O
Keller;O
leer;O
pumpen;O
Eventuell;O
werden;O
zu;O
einem;O
späteren;O
Zeitpunkt;O
Helfer;O
benötigt;O
Sperrmüll;O
aus;O
den;O
Häusern;O
zu;O
tragen;O
Dies;O
wäre;O
über;O
ASR;O
in;O
Chemnitz;LOC
zu;O
erfragen;O
Für;O
den;O
Umkreis;O
konnte;O
im;O
Gespräch;O
keine;O
Aussage;O
getroffen;O
werden;O
Darf;O
geteilt;O
werden;O
In;O
Zwickau;LOC
ist;O
eine;O
Firma;O
komplett;O
abgesoffen;O
dort;O
wird;O
dringend;O
Hilfe;O
gebraucht;O
Gibts;O
Leute;O
die;O
dort;O
helfen;O
würden;O
Zeitz;LOC
Land;O
unter;O
im;O
Zeitzer;O
Tierheim;O
finanzielle;O
und;O
materielle;O
Unterstützung;O
gerne;O
gesehen;O
aber;O
auch;O
fleißige;O
Hände;O
die;O
mit;O
anpacken;O
wenn;O
das;O
Wasser;O
wieder;O
weg;O
ist;O
Kontakt;O
wird;O
irgendwie;O
oder;O
in;O
irgendeiner;O
art;O
und;O
weise;O
hilfe;O
benötigt;O
ich;O
bin;O
völlig;O
abgeschottet;O
von;O
dem;O
geschehen;O
hier;O
und;O
verfolge;O
alles;O
nur;O
per;O
handy;O
oder;O
sachsenfernsehen;O
ich;O
möchte;O
zu;O
gern;O
helfen;O
Helfer;O
in;O
Chemnitz;LOC
gesucht;O
Helfer;O
morgen;O
in;O
Chemnitz;LOC
gesucht;O
Sucht;O
Euch;O
raus;O
was;O
ihr;O
am;O
besten;O
erreichen;O
könnt;O
Vielleicht;O
erklären;O
sich;O
manche;O
mit;O
dazu;O
bereit;O
den;O
HELFERN;O
Feuerwehr;O
THW;O
Bundeswehr;O
und;O
HELFENDEN;O
HÄNDEN;O
in;O
den;O
besagten;O
Institutionen;O
und;O
Haushalten;O
und;O
Ladenflächen;O
usw;O
mit;O
kleinen;O
Snacks;O
belegten;O
Brötchen;O
Getränken;O
zu;O
unterstützen;O
Meine;O
Gedanken;O
gehen;O
an;O
Gaststätten;O
Bistro;O
s;O
Supermärkte;O
usw;O
auch;O
an;O
die;O
private;O
Hausfrau;O
die;O
gern;O
mit;O
helfen;O
möchte;O
Was;O
sagt;O
Ihr;O
dazu;O
Helfer;O
in;O
Halle;O
gesucht;O
Vielleicht;O
kennt;O
ihr;O
ja;O
jemanden;O
da;O
Würde;O
mich;O
freuen;O
wenn;O
sich;O
noch;O
paar;O
Leutz;O
bis;O
morgen;O
früh-mittag;O
melden;O
würden;O
würde;O
auch;O
meine;O
Küche;O
zum;O
Brötchen;O
belegen;O
etc;O
frei;O
geben;O
jeder;O
bringt;O
was;O
mit;O
und;O
dann;O
geht;O
s;O
los;O
die;O
anderen;O
Mädels;O
hole;O
ich;O
mitm;O
Auto;O
ab;O
Meißen;LOC
Kino;O
wird;O
ausgeräumt;O
Hilfe;O
ist;O
gerne;O
gesehen;O
also;O
ich;O
habe;O
zeit;O
und;O
kann;O
helfen;O
ich;O
bewege;O
mich;O
jetzt;O
richtig;O
theaterplatz;LOC
wenn;O
jemand;O
hilfe;O
braucht;O
dann;O
bitte;O
melden;O
wer;O
grad;O
zeit;O
hat;O
elbstrasse;LOC
rabener;O
keller;O
muss;O
evakuiert;O
werden;O
Sand;O
schleppen;O
am;O
Kino;O
Wer;O
kann;O
bitte;O
helfen;O
kommen;O
Wo;O
wird;O
akuell;O
Hilfe;O
benötigt;O
Bieten;O
Hilfe;O
für;O
Greiz;LOC
und;O
Umgebung;O
Wenn;O
noch;O
wer;O
gebraucht;O
wird;O
bescheid;O
sagen;O
wir;O
helfen;O
gerade;O
teile;O
sind;O
schon;O
auf;O
dem;O
weg;O
erst;O
bad;LOC
köstritz;LOC
bei;O
gera;LOC
dann;O
eilenburg;LOC
bei;O
leipzig;LOC
wir;O
halten;O
euch;O
trocken;O
zumindestens;O
versuchen;O
wir;O
es;O
Wenn;O
jemand;O
weiß;O
wo;O
man;O
um;O
Jena;LOC
anpacken;O
kann;O
Bescheid;O
geben;O
Auch;O
Unterkunft;O
kann;O
geboten;O
werden;O
für;O
Leute;O
die;O
ihre;O
Häuser;O
verlassen;O
müssen;O
Ich;O
würde;O
ja;O
gerne;O
irgendwo;O
ein;O
paar;O
Sandsäcke;O
füllen;O
aber;O
irgendwie;O
fehlt;O
hier;O
die;O
Info;O
wo;O
ich;O
meinen;O
Sandkastenspieltrieb;O
bei;O
dem;O
schönen;O
Wetter;O
stillen;O
kann;O
Ines;O
Schmidt;O
schrieb;O
In;O
gera;LOC
max;O
bögl;O
einfach;O
hinfahren;O
die;O
brauchen;O
jede;O
helfe;O
de;O
hand;O
Mission;O
verpflegung;O
für;O
die;O
helfer;O
beginnt;O
morgen;O
frühn;O
nachmittag;O
bei;O
intresse;O
bitte;O
melden;O
Uhr;O
In;O
Bad;LOC
Dürrenberg;LOC
werden;O
freiwillige;O
Helfer;O
gesucht;O
Kontakttelefon;O
OTZ;O
Juni;O
Hallo;O
Resi;O
in;O
Gera;LOC
können;O
sich;O
Helfer;O
unter;O
melden;O
Von;O
hier;O
aus;O
koordiniert;O
der;O
Katastrophenschutz;O
die;O
Hilfen;O
Oder;O
bei;O
der;O
Firma;O
Max;O
Bögel;O
in;O
Langenberg;LOC
melden;O
Dort;O
werden;O
Sandsäcke;O
gefüllt;O
Helfer;O
können;O
sich;O
auch;O
bei;O
den;O
Eisatzkräften;O
der;O
Feuerwehr;O
des;O
Technischen;O
Hilfswerkes;O
und;O
der;O
Eisatzzentrale;O
direkt;O
an;O
den;O
Eisatzstellen;O
in;O
Debschwitz;LOC
und;O
Untermhaus;LOC
wenden;O
In;O
Greiz;LOC
können;O
sich;O
Helfer;O
an;O
die;O
Infohotline;O
der;O
Stadt;O
Greiz;LOC
wenden;O
Telefon;O
FÄHRT;O
JEMAND;O
HIN;O
EVTL;O
FAHRGEMEINSCHAFTEN;O
Also;O
in;O
Greiz;LOC
werden;O
nun;O
keine;O
weiteren;O
Helfer;O
mehr;O
gebraucht;O
Sandsäcke;O
sind;O
befüllt;O
und;O
beladene;O
Multicars;O
stehen;O
bereit;O
Ich;O
denke;O
das;O
beruhigt;O
sich;O
die;O
nächsten;O
Tage;O
Bin;O
jetzt;O
wieder;O
in;O
Jena;LOC
falls;O
hier;O
noch;O
irgendwo;O
Hilfe;O
gebraucht;O
wird;O
Loschwitz;LOC
Uhr;O
Der;O
Pegel;O
steigt;O
stetig;O
Anwohner;O
der;O
Pillnitzer;LOC
Landstraße;LOC
zur;O
Elbe;LOC
hin;O
räumen;O
ihre;O
Keller;O
Das;O
Blaue;O
Wunder;O
soll;O
gesperrt;O
werden;O
Das;O
Altenheim;O
Pillnitz;LOC
wird;O
seit;O
Stunden;O
evakuiert;O
Die;O
Kita;O
bleibt;O
ab;O
morgen;O
geschlossen;O
Das;O
wird;O
hier;O
eine;O
unruhige;O
Nacht;O
Wer;O
helfen;O
will;O
fährt;O
einfach;O
die;O
straße;O
zwischen;O
Loschwitz;LOC
und;O
Pillnitz;LOC
entlang;O
Dort;O
sind;O
überall;O
helfende;O
Hände;O
willkommen;O
WIR;O
BENÖTIGEN;O
DRINGEND;O
HILFE;O
UM;O
DER;O
FLUT;O
ZU;O
ENTGEHEN;O
WIR;O
MÜSSEN;O
ÜBER;O
NACHT;O
WECHSELBRÜCKEN;O
CONTAINER;O
INNERHALB;O
VON;O
DRESDEN;LOC
UMSETZEN;O
Die;O
Aktion;O
läuft;O
zur;O
Zeit;O
schon;O
Jedoch;O
geht;O
es;O
nicht;O
so;O
schnell;O
wie;O
geplant;O
UNS;O
LÄUFT;O
DIE;O
ZEIT;O
DAVON;O
Wir;O
benötigen;O
dringend;O
EINE;O
oder;O
ZWEI;O
ZUGMASCHINEN;O
zum;O
Transport;O
von;O
WECHSELBRÜCKEN;O
BDF;O
Ganz;O
wichtig;O
BDF;O
Es;O
geht;O
voraussichtlich;O
auch;O
ab;O
morgen;O
Früh;O
denn;O
die;O
Elbe;LOC
steigt;O
nicht;O
so;O
schnell;O
wie;O
befürchtet;O
Kontakt;O
bitte;O
an;O
oder;O
contact;O
helmnot;O
com;O
oder;O
hier;O
auf;O
facebook;O
Bitte;O
helft;O
uns;O
der;O
Flut;O
zu;O
entkommen;O
und;O
TEILT;O
TEILT;O
TEILT;O
diesen;O
Beitrag;O
Wer;O
kann;O
uns;O
helfen;O
Wir;O
sind;O
ein;O
frei;O
finanziertes;O
Kulturunternhemen;O
aber;O
natürlich;O
bezahlen;O
wir;O
auch;O
dafür;O
In;O
den;O
Wechselbrücken;O
sind;O
Bühnenbilder;O
die;O
wir;O
selber;O
finanziert;O
und;O
gebaut;O
haben;O
An;O
ihnen;O
hängen;O
nicht;O
nur;O
unsere;O
Herzen;O
sondern;O
sie;O
sind;O
auch;O
unsere;O
Existenz;O
Informationen;O
zu;O
unserem;O
Theater;O
erfahrt;O
Ihr;O
unter;O
der;O
Website;O
von;O
HELMNOT;O
Wir;O
haben;O
in;O
der;O
Zschierener;O
Schule;O
eine;O
Untestellmöglichkeit;O
für;O
Möbel;O
geschaffen;O
Steffi;O
Müller;O
hat;O
den;O
Schlüssel;O
zur;O
Schule;O
und;O
ist;O
unter;O
zu;O
erreichen;O
Wir;O
haben;O
heute;O
bis;O
den;O
Zschiernern;O
geholfen;O
Wer;O
Hilfe;O
braucht;O
meldet;O
Euch;O
bitte;O
Wer;O
helfen;O
möchte;O
Am;O
Altmarkt;LOC
gibt;O
es;O
anscheinend;O
Möglichkeiten;O
dazu;O
laut;O
dem;O
Twitteracc;O
der;O
StadT;O
Dresden;LOC
Da;O
es;O
unklarheiten;O
gab;O
hier;O
der;O
genaue;O
Standort;O
der;O
Sandsackstation;O
Hansastraße;LOC
Am;O
besten;O
Seifersdorfer;LOC
oder;O
Bärnsdorfer;LOC
Straße;LOC
parken;O
falls;O
notwendig;O
Wege;O
freihalten;O
für;O
alle;O
die;O
Sandsäcke;O
brauchen;O
Kann;O
mir;O
jemand;O
die;O
genauen;O
Standorte;O
Pechelstraße;LOC
Cosssebaude;LOC
und;O
Theaterplatz;LOC
mitteilen;O
am;O
besten;O
GPS;O
Koordinaten;O
Wo;O
kann;O
man;O
helfen;O
WO;O
WIRD;O
HILFE;O
BENÖTIGT;O
Gibt;O
es;O
irgendwo;O
Informationen;O
darüber;O
wo;O
in;O
Dresden;LOC
und;O
Umgebung;O
morgen;O
und;O
die;O
kommenden;O
Tage;O
Helfer;O
benötigt;O
werden;O
Ich;O
denke;O
an;O
Stellen;O
an;O
denen;O
Sandsäcke;O
gefüllt;O
werden;O
o;O
ä;O
gibts;O
vielleicht;O
so;O
ne;O
Art;O
zentrale;O
Anlaufstelle;O
wenn;O
man;O
mit;O
Sandsäcken;O
o;O
Ä;O
helfen;O
will;O
Für;O
alle;O
die;O
helfen;O
wollen;O
das;O
hier;O
sind;O
die;O
Anlaufstellen;O
Sandsackfüllplätze;O
in;O
Betrieb;O
Feuerwehr;O
hat;O
Einsatzleitung;O
eingerichtet;O
Die;O
Feuerwehr;O
Dresden;LOC
hat;O
seit;O
den;O
frühen;O
Morgenstunden;O
eine;O
Einsatzleitung;O
eingerichtet;O
welche;O
die;O
gesamten;O
operativen;O
Maßnahmen;O
der;O
Hochwasserabwehr;O
organisiert;O
Seit;O
den;O
Nachtstunden;O
sind;O
die;O
Sandsackfüllplätze;O
in;O
Dresden-Cossebaude;LOC
und;O
Dresden-Lockwitz;LOC
in;O
Betrieb;O
An;O
verschiedenen;O
Schwerpunkten;O
im;O
Stadtgebiet;O
werden;O
bereits;O
Sandsäcke;O
verbaut;O
Dennoch;O
sind;O
Hauseigentümer;O
zur;O
Eigenvorsorge;O
verpflichtet;O
Informationen;O
hierzu;O
enthält;O
der;O
städtische;O
Handzettel;O
Hochwasser;O
Bürgerinformation;O
aktualisiert;O
im;O
Internet;O
unter;O
Er;O
liegt;O
auch;O
gedruckt;O
in;O
allen;O
Informationsstellen;O
der;O
Dresdner;O
Bürgerbüros;O
Ortsämter;O
und;O
Rathäuser;O
aus;O
Eine;O
kleine;O
Anzahl;O
von;O
Sandsäcken;O
kann;O
von;O
Bürgern;O
bei;O
den;O
Sandsackfüllplätzen;O
abgeholt;O
werden;O
Diese;O
befinden;O
sich;O
in;O
Dresden-Cossebaude;LOC
Bahnhofstraße;LOC
im;O
Bauhof;O
Der;O
Sandsackfüllplatz;O
bei;O
der;O
Freiwilligen;O
Feuerwehr;O
Lockwitz;LOC
Am;O
Plan;O
ist;O
momentan;O
noch;O
nicht;O
abgabebereit;O
Einsatzschwerpunkte;O
sind;O
momentan;O
Dresden-Niedersedlitz;LOC
und;O
Dresden-Cossebaude;LOC
Stand;O
Juni;O
Uhr;O
Quelle;O
Stadt;O
Dresden;LOC
A;O
Wenn;O
ich;O
mich;O
als;O
freiwilliger;O
Helfer;O
anbieten;O
möchte;O
an;O
wen;O
wende;O
ich;O
mich;O
da;O
Wird;O
irgendwo;O
in;O
Neustadtnähe;O
Altstadt;O
Pieschen;LOC
Verpflegung;O
für;O
Helfer;O
benötigt;O
Dresden;LOC
säuft;O
ab;O
und;O
ich;O
darf;O
nicht;O
helfen;O
An;O
allen;O
Ecken;O
und;O
Enden;O
in;O
und;O
um;O
Dresden;LOC
werden;O
Helfer;O
für;O
die;O
verschiedensten;O
Bereiche;O
zur;O
Hochwasserbekämpfung;O
etc;O
gesucht;O
Ich;O
befinde;O
mich;O
in;O
einer;O
Weiterbildung;O
übers;O
Jobcenter;O
Aufgrund;O
der;O
aktuellen;O
Lage;O
habe;O
ich;O
das;O
Jobcenter;O
angeschrieben;O
ob;O
es;O
eine;O
Möglichkeit;O
gäbe;O
eine;O
Freistellung;O
zu;O
bekommen;O
um;O
den;O
Betroffenen;O
lieber;O
helfen;O
zu;O
können;O
statt;O
hier;O
zu;O
sitzen;O
und;O
am;O
PC;O
rum;O
zu;O
tippeln;O
Lieber;O
vorher;O
mal;O
nachfragen;O
als;O
dann;O
noch;O
Ärger;O
mit;O
dem;O
Amt;O
zu;O
bekommen;O
Die;O
Antwort;O
Hallo;O
ich;O
kann;O
sie;O
gut;O
verstehen;O
jedoch;O
solange;O
die;O
Maßnahme;O
stattfindet;O
findet;O
sie;O
statt;O
und;O
sie;O
werden;O
ja;O
dort;O
nicht;O
freigestellt;O
Tut;O
mir;O
Leid;O
liebe;O
Leute;O
aber;O
ich;O
muss;O
also;O
hier;O
rumsitzen;O
und;O
zusehen;O
wie;O
andere;O
absaufen;O
Meine;O
Maßnahme;O
geht;O
immer;O
bis;O
Uhr;O
also;O
ab;O
Uhr;O
könnte;O
ich;O
für;O
ein;O
paar;O
Stündchen;O
meine;O
Hilfe;O
anbieten;O
Wem;O
ich;O
helfen;O
kann;O
kontaktiert;O
mich;O
einfach;O
Ein;O
weiterer;O
konkreter;O
Hilferuf;O
jetzt;O
aus;O
Brockwitz;LOC
A;O
Wer;O
in;O
der;O
Nähe;O
von;O
Meißen;LOC
wohnt;O
und;O
helfen;O
kann;O
und;O
möchte;O
in;O
der;O
Innenstadt;O
wird;O
aktuell;O
jede;O
Hand;O
gebraucht;O
es;O
gilt;O
zahlreiche;O
Läden;O
zu;O
beräumen;O
A;O
Kann;O
man;O
denn;O
als;O
normaler;O
Bürger;O
irgendwo;O
in;O
Dresden;LOC
mit;O
anpacken;O
und;O
Sandsäcke;O
tragen;O
Hallo;O
wir;O
möchten;O
gern;O
helfen;O
Wir;O
sind;O
Handball-Spielerinnen;O
und;O
haben;O
auf;O
Grund;O
der;O
Situation;O
kein;O
Training;O
und;O
was;O
noch;O
viel;O
wichtiger;O
ist;O
Wir;O
möchten;O
wirklich;O
gern;O
helfen;O
Vielleicht;O
könnt;O
Ihr;O
uns;O
sagen;O
wo;O
man;O
mit;O
anpacken;O
kann;O
z;O
B;O
beim;O
Sandsäcke;O
befüllen;O
Vorallem;O
was;O
die;O
Stadteile;O
Laubegast;LOC
Zschieren;LOC
Tolkewitz;LOC
oder;O
auch;O
jede;O
andere;O
Region;O
von;O
um;O
Dresden;LOC
Danke;O
TSV;O
Dresden;LOC
e;O
V;O
Wo;O
werden;O
noch;O
Helfer;O
gebraucht;O
Wir;O
benötigen;O
dringend;O
SANDSÄCKE;O
AM;O
PUROBEACH;O
DRESDEN;LOC
Wer;O
kann;O
uns;O
weiterhelfen;O
Bitte;O
MELDEN;O
Braucht;O
jemand;O
Hilfe;O
Einfach;O
melden;O
Wo;O
wird;O
noch;O
Hilfe;O
benötigt;O
Schreibt;O
mir;O
ne;O
sms;O
wo;O
und;O
ich;O
bin;O
unterwegs;O
Ort;O
Dresden;LOC
Freital;LOC
Anruf;O
geht;O
auch;O
bis;O
gleich;O
und;O
Viel;O
erfolg;O
dem;O
rest;O
wer;O
brauch;O
hilfe;O
auf;O
der;O
altstadt;O
seite;O
und;O
wo;O
Mädels;O
bieten;O
innerhalb;O
Dresden;LOC
Hilfe;O
an;O
Egal;O
was;O
Hauptsache;O
bei;O
Hochwasser;O
helfen;O
Einfach;O
anrufen;O
Es;O
fehlt;O
im;O
Zentrum;O
an;O
Sand;O
und;O
Säcken;O
Helfen;O
ist;O
vorläufig;O
zum;O
Erliegen;O
gekommen;O
Stadtteilhaus;O
Neustadt;LOC
hat;O
genug;O
Helfer;O
im;O
Moment;O
Weiß;O
noch;O
jemand;O
wo;O
dringend;O
Hilfe;O
gebraucht;O
wird;O
Gibt;O
s;O
hier;O
auch;O
Infos;O
wo;O
man;O
mit;O
anpacken;O
kann;O
Das;O
hilft;O
den;O
Betroffenen;O
wahrscheinlich;O
mehr;O
als;O
Bilder;O
von;O
ihren;O
abgesoffenen;O
Stadteilen;O
Nur;O
so;O
ein;O
Gedanke;O
weil;O
die;O
Infos;O
die;O
ich;O
hier;O
lese;O
habe;O
ich;O
schon;O
an;O
vielen;O
anderen;O
Stellen;O
gelesen;O
Aber;O
wo;O
Helfer;O
benötigt;O
werden;O
noch;O
nirgendwo;O
Wer;O
Wo;O
braucht;O
s;O
Hilfe;O
Leute;O
mit;O
Schaufeln;O
und;O
einem;O
Landy;O
Geländewagen;O
können;O
anrücken;O
kann;O
man;O
auch;O
in;O
löbtau;LOC
und;O
umgebung;O
helfen;O
Ist;O
jemand;O
bei;O
der;O
hansastraße;LOC
Wir;O
sind;O
auf;O
dem;O
weg;O
dorthin;O
Die;O
Semperoper;LOC
Einfahrt;O
TG;O
braucht;O
Helfer;O
MIT;O
SCHAUFELN;O
Danke;O
Pierre;O
D;O
BITTE;O
TEILEN;O
Wenn;O
noch;O
Lkw;O
Fahrer;O
gesucht;O
werden;O
Ich;O
habe;O
Führerschein;O
c;O
e;O
und;O
Fahrer;O
Karte;O
FUNKEL;O
BRAUCHT;O
HILFE;O
Hier;O
die;O
Hilfemeldung;O
im;O
Original;O
BITTE;O
TEILEN;O
und;O
auch;O
an;O
Fluthilfe;O
Dresden;LOC
weiterleiten;O
WIR;O
BRAUCHEN;O
DRINGEND;O
HILFE;O
Freies;O
nicht;O
staatlich;O
subventioniertes;O
Theater;O
benötigt;O
Hilfe;O
DIE;O
FLUT;O
HAT;O
AUCH;O
UNS;O
EREILT;O
Wir;O
sind;O
HELMNOT;O
THEATER;O
mit;O
dem;O
Stammsitz;O
in;O
Lichtenstein;LOC
Sachsen;LOC
Hier;O
sitzen;O
wir;O
mit;O
trockenen;O
Füßen;O
in;O
unserem;O
Haus;O
auf;O
dem;O
Berg;O
jedoch;O
unser;O
großes;O
Außenlager;O
in;O
Dresden;LOC
müssen;O
wir;O
diese;O
Nacht;O
räumen;O
Wir;O
haben;O
Wechselbrücken;O
Container;O
die;O
jetzt;O
einen;O
neuen;O
Standplatz;O
suchen;O
Es;O
war;O
schon;O
schwer;O
genug;O
eine;O
bezahlbare;O
Spedition;O
zu;O
finden;O
Für;O
die;O
nächste;O
Woche;O
haben;O
wir;O
einen;O
Zwischenplatz;O
für;O
die;O
Container;O
gefunden;O
den;O
wir;O
aber;O
definitiv;O
auch;O
Ende;O
nächster;O
Woche;O
wieder;O
freiräumen;O
müssen;O
WIR;O
SUCHEN;O
IN;O
DER;O
NÄHE;O
VON;O
LICHTENSTEIN;LOC
SACHSEN;LOC
EINEN;O
EINGEZÄUNTEN;O
STELLPLATZ;O
FÜR;O
WECHSELBRÜCKEN;O
PLATZBEDARF;O
ca;O
qm;O
Wir;O
möchten;O
auf;O
lange;O
Zeit;O
mieten;O
Der;O
ganze;O
Einsatz;O
mit;O
Spedition;O
neuem;O
Stellplatz;O
ist;O
teuer;O
genug;O
und;O
auch;O
in;O
solchen;O
Fällen;O
ist;O
nichts;O
geschenkt;O
Also;O
suchen;O
wir;O
einen;O
finanziell;O
moderaten;O
Stellplatz;O
Bitte;O
schickt;O
uns;O
unter;O
folgender;O
e-mail-Adresse;O
sinnvolle;O
Vorschläge;O
fragt;O
bitte;O
befreundete;O
Unternehmer;O
usw;O
BITTE;O
HIER;O
AUF;O
FACEBOOK;O
KEINE;O
VORSCHLÄGE;O
EINSTELLEN;O
AUS;O
VERSICHERUNGSTECHNISCHEN;O
GRÜNDEN;O
FALLEN;O
FÜR;O
UNS;O
DANN;O
DIESE;O
VORSCHLÄGE;O
AUS;O
Ihr;O
könnt;O
uns;O
aber;O
auf;O
Facebook;O
auch;O
eine;O
Nachricht;O
senden;O
die;O
für;O
andere;O
nicht;O
einsehbar;O
ist;O
oder;O
eben;O
unter;O
contact;O
helmnot;O
com;O
oder;O
telefonisch;O
unter;O
Und;O
bitte;O
TEILT;O
TEILT;O
TEILT;O
diesen;O
Beitrag;O
VIELEN;O
DANK;O
Unseren;O
Kollegen;O
für;O
diese;O
Nacht;O
gutes;O
Gelingen;O
und;O
hoffentlich;O
bekommt;O
Ihr;O
noch;O
alle;O
Container;O
raus;O
Es;O
sind;O
unsere;O
Bühnenbilder;O
Inszenierungsschätze;O
in;O
ihnen;O
aufbewahrt;O
die;O
wir;O
selber;O
gebaut;O
und;O
finanziert;O
haben;O
und;O
an;O
denen;O
unser;O
Herzen;O
hängen;O
Für;O
andere;O
haben;O
sie;O
keinen;O
Wert;O
für;O
uns;O
sind;O
sie;O
die;O
Existenz;O
Wer;O
uns;O
noch;O
nicht;O
kennt;O
kann;O
mehr;O
über;O
unsere;O
Arbeit;O
unter;O
erfahren;O
Wo;O
kann;O
man;O
morgen;O
noch;O
helfen;O
gehen;O
Wohne;O
striesen;O
west;O
Die;O
Dresdner;O
Feuerwehr;O
nimmt;O
Anfragen;O
von;O
Bürgerinnen;O
und;O
Bürgern;O
entgegen;O
die;O
ihre;O
Hilfe;O
zum;O
Hochwasserschutz;O
anbieten;O
Bei;O
Bedarf;O
werden;O
die;O
Hilfeangebote;O
von;O
Seiten;O
der;O
Feuerwehr;O
abgefordert;O
Interessenten;O
können;O
sich;O
per;O
Mail;O
an;O
feuerwehr;O
dresden;LOC
de;O
richten;O
D;O
Quelle;O
Elbpegelstand;O
und;O
vielen;O
Dank;O
für;O
eure;O
tolle;O
Arbeit;O
Gibt;O
es;O
eine;O
zentrale;O
Seite;O
wo;O
man;O
sehen;O
kann;O
wer;O
welche;O
Hilfe;O
braucht;O
Frage;O
von;O
Anna;O
Schlummerland;O
Werden;O
an;O
der;O
Semperoper;LOC
noch;O
Helfer;O
gebraucht;O
BITTE;O
TEILEN;O
UND;O
GGF;O
PRÜFEN;O
bitte;O
auch;O
bei;O
Fluthilfe;O
Dresden;LOC
und;O
Elbpegelstand;O
nachfragen;O
danke;O
D;O
Am;O
Elbepark;LOC
werden;O
keine;O
Helfer;O
mehr;O
benötigt;O
Arbeiten;O
abgeschlossen;O
Wird;O
am;O
Blauen;O
Wunder;O
jetzt;O
noch;O
Hilfe;O
gebraucht;O
an;O
alle;O
die;O
nicht;O
weiter;O
helfen;O
können;O
weil;O
zu;O
lange;O
arbeit;O
oder;O
kinder;O
haben;O
helft;O
denn;O
helfern;O
mit;O
warmen;O
essen;O
und;O
trinken;O
wer;O
will;O
mithelfen;O
etwas;O
verpflegung;O
für;O
die;O
zahlreichen;O
helfer;O
zu;O
organisieren;O
bitte;O
kommentieren;O
oder;O
pn;O
hätte;O
ein;O
kleines;O
auto;O
zur;O
verfügung;O
Möchte;O
gern;O
meine;O
Hilfe;O
anbieten;O
Wo;O
wird;O
hilfe;O
benötigt;O
Ich;O
würde;O
so;O
gerne;O
helfen;O
so;O
ein;O
ungutes;O
Gefühl;O
ständig;O
die;O
Bilder;O
meines;O
Zuhause;O
zu;O
sehen;O
und;O
nix;O
tun;O
zu;O
können;O
AN;O
ALLE;O
TRUCKER;O
AN;O
ALLE;O
TRUCKER;O
WIR;O
BENÖTIGEN;O
WEITERE;O
HILFE;O
UM;O
DER;O
FLUT;O
ZU;O
ENTGEHEN;O
WIR;O
MÜSSEN;O
ÜBER;O
NACHT;O
WECHSELBRÜCKEN;O
CONTAINER;O
INNERHALB;O
VON;O
DRESDEN;LOC
UMSETZEN;O
Die;O
Aktion;O
läuft;O
zur;O
Zeit;O
schon;O
Jedoch;O
geht;O
es;O
nicht;O
so;O
schnell;O
wi;O
nochmal;O
wer;O
will;O
mithelfen;O
etwas;O
verpflegung;O
für;O
die;O
zahlreichen;O
helfer;O
zu;O
organisieren;O
auch;O
finanzielle;O
hilfe;O
wäre;O
schön;O
bitte;O
kommentieren;O
oder;O
pn;O
hätte;O
ein;O
kleines;O
auto;O
zur;O
verfügung;O
Start;O
dienstag;O
uhr;O
Dresden;LOC
Hauptbahnhof;LOC
auf;O
der;O
Rewe-seite;O
Gibt;O
bitte;O
mal;O
Bescheid;O
wo;O
Hilfe;O
gebraucht;O
werden;O
kann;O
Bestimmt;O
wollen;O
einige;O
Helfen;O
wissen;O
aber;O
nicht;O
wo;O
sie;O
gebraucht;O
werden;O
ich;O
zum;O
Beispiel;O
Wer;O
Hilfe;O
braucht;O
oder;O
Hilfe;O
anbieten;O
kann;O
soll;O
diese;O
Gruppe;O
nutzen;O
ich;O
helfe;O
gerne;O
wieder;O
Dresden;LOC
Postet;O
was;O
das;O
Zeug;O
hält;O
Gesucht;O
werden;O
Orte;O
an;O
denen;O
dringend;O
freiwillige;O
Helfer;O
gesucht;O
werden;O
und;O
Bewohner;O
die;O
Helfen;O
wollen;O
Egal;O
wo;O
wie;O
und;O
wann;O
wir;O
hoffen;O
wir;O
können;O
euch;O
helfen;O
Wir;O
hoffen;O
auf;O
eure;O
Unterstützung;O
meldet;O
euch;O
bitte;O
hilfe;O
wird;O
die;O
nächste;O
zeit;O
nötig;O
sein;O
Von;O
dem;O
Hochwasser;O
lassen;O
wir;O
uns;O
nicht;O
unterkriegen;O
Sie;O
suchen;O
Hilfe;O
Sie;O
wollen;O
helfen;O
Melden;O
Sie;O
sich;O
bei;O
uns;O
Entweder;O
über;O
unsere;O
kostenlose;O
Hilfshotline;O
von;O
bis;O
Uhr;O
oder;O
bei;O
Bayern;LOC
auf;O
Facebook;O
Biete;O
meine;O
Hilfe;O
an;O
einfach;O
anschreiben;O
wenn;O
Hilfe;O
gebraucht;O
wird;O
Michael;O
Feiler;O
bietet;O
seine;O
Hilfe;O
an;O
Kann;O
man;O
irgendwo;O
helfen;O
Wohne;O
in;O
Regensburg;LOC
Wenn;O
noch;O
helfer;O
gebraucht;O
werden;O
ich;O
wurde;O
gerne;O
helfen;O
mann;O
muss;O
mir;O
nur;O
sagen;O
wo;O
ich;O
hin;O
muss;O
Wenn;O
ich;O
ehrlich;O
bin;O
fehlt;O
mir;O
bei;O
der;O
Angelegenheit;O
was;O
und;O
zwar;O
der;O
Hinweis;O
wohin;O
man;O
sich;O
wenden;O
kann;O
bzw;O
soll;O
wenn;O
man;O
helfen;O
möchte;O
zb;O
Sandsäcke;O
füllen;O
weiß;O
da;O
jemand;O
Bescheid;O
und;O
kann;O
die;O
Info;O
mal;O
weitergeben;O
Wo;O
können;O
sich;O
denn;O
freiwillige;O
Helfer;O
melden;O
Helfer;O
an;O
Alle;O
die;O
Hilfe;O
brauchen;O
bitte;O
um;O
Ansagen;O
Wer;O
braucht;O
Hilfe;O
im;O
Haus;O
Keller;O
Biete;O
gerne;O
meine;O
Hilfe;O
an;O
egal;O
ob;O
Sandsäcke;O
füllen;O
Aufräumarbeiten;O
und;O
dergleichen;O
Einfach;O
per;O
PN;O
bei;O
mir;O
melden;O
wertstr;LOC
alle;O
helfen;O
zusammen;O
So;O
wird;O
es;O
auf;O
der;O
Dresden;LOC
Hochwasser;O
Seite;O
gehändelt;O
und;O
so;O
in;O
der;O
Art;O
wäre;O
doch;O
auch;O
hier;O
in;O
Regensburg;LOC
für;O
die;O
Leute;O
hilfreich;O
die;O
mithelfen;O
wollen;O
HANSASTRASSE;LOC
Sandsäcke;O
befüllen;O
ab;O
Uhr;O
wieder;O
COSSEBAUDE;LOC
WINDMÜHLENWEG;LOC
Sandsäcke;O
befüllen;O
ab;O
wieder;O
SEMPEROPER;O
Sandsäcke;O
befüllen;O
ab;O
wieder;O
ElbePark;LOC
PESCHELSTRASSE;LOC
Sandsäcke;O
befüllen;O
FERTIG;O
Cossebaude;LOC
Bahnhof;LOC
ab;O
wieder;O
Wildberg;LOC
Maria;O
ab;O
wieder;O
Studentenclub;O
Bärenzwinger;O
braucht;O
dringend;O
leere;O
oder;O
volle;O
Säcke;O
Auch;O
Kaffee;O
und;O
Co;O
ist;O
von;O
engagierten;O
Helfern;O
gern;O
gesehen;O
Lara;O
ab;O
wieder;O
Auf;O
der;O
Hedwigstr;LOC
an;O
der;O
Marienbrücke;LOC
Hafenstr;LOC
räumen;O
die;O
Menschen;O
in;O
den;O
EG;O
gerade;O
ihre;O
Wohnungen;O
Da;O
werden;O
sicher;O
helfende;O
Hände;O
gebraucht;O
FERTIG;O
Stadtteilhaus;O
Dresden;LOC
Äußere;O
Neustadt;LOC
Prießnitzstr;LOC
ab;O
Uhr;O
Transportkette;O
Sandsäcke;O
ab;O
wieder;O
DD-Kleinzschachwitz;LOC
KLEINGARTENANLAGE;O
gegenüber;O
der;O
Elbinsel;O
neben;O
dem;O
FKK-WOSTRA-BAD;O
wird;O
geräumt;O
In;O
Niederwartha;LOC
Gärten;O
neben;O
dem;O
Schwimmbad;O
Cossebaude;LOC
Räumen;O
die;O
Menschen;O
ihre;O
Gartenlauben;O
aus;O
Dort;O
wird;O
auch;O
Hilfe;O
beim;O
Räumen;O
benötigt;O
LEIPZIGER;LOC
STRASSE;LOC
Freiland-Elbtal;LOC
e;O
V;O
Die;O
Fläche;O
an;O
der;O
Elbe;LOC
es;O
müssen;O
Habseligkeiten;O
und;O
Gerätschaften;O
gerettet;O
werden;O
HANSASTRASSE;LOC
DRESDEN;LOC
Hier;O
braucht;O
die;O
Sandsackfüllstation;O
jeden;O
Helfer;O
bitte;O
mit;O
Schaufel;O
kommen;O
FELSENKELLER;O
DRESDEN;LOC
Terrassenufer;O
Hier;O
müssen;O
Sandsäcke;O
befüllt;O
werden;O
eigene;O
Schaufel;O
mitbringen;O
THEATER;O
MEISSEN;LOC
LAUBEGAST;LOC
ab;O
wieder;O
PIRNA;LOC
ALTSTADT;LOC
COSSEBAUDE;LOC
Sandsäcke;O
befüllen;O
ab;O
wieder;O
ELBEGARTEN;O
AM;O
KÖRNERPLATZ;LOC
Braucht;O
Hilfe;O
beim;O
Evakuieren;O
Hier;O
werden;O
ab;O
jetzt;O
freiwillige;O
Helfer;O
für;O
den;O
Raum;O
Klosterneuburg;LOC
Kritzendorf;LOC
Strombad;LOC
und;O
Greifenstein;LOC
für;O
die;O
Aufräumarbeiten;O
nach;O
dem;O
Hochwasser;O
gesucht;O
Jeder;O
der;O
Helfen;O
will;O
oder;O
auch;O
Hilfe;O
braucht;O
kann;O
sich;O
hier;O
eintragen;O
und;O
sich;O
mit;O
den;O
Menschen;O
in;O
Verbindung;O
setzen;O
Alle;O
Infos;O
zur;O
benötigten;O
Ausrüstung;O
findet;O
Ihr;O
in;O
den;O
Datein;O
Gerne;O
wird;O
auch;O
Unterstützung;O
in;O
Form;O
von;O
Essen;O
und;O
Trinken;O
für;O
die;O
freiwilligen;O
Helfer;O
und;O
auch;O
für;O
Betroffenen;O
gerne;O
angenommen;O
Hier;O
werden;O
ab;O
jetzt;O
freiwillige;O
Helfer;O
für;O
den;O
Raum;O
Klosterneuburg;LOC
und;O
Kritzendorf;LOC
Strombad;LOC
für;O
die;O
Aufräumarbeiten;O
nach;O
dem;O
Hochwasser;O
gesucht;O
Jeder;O
der;O
Helfen;O
will;O
oder;O
auch;O
Hilfe;O
braucht;O
kann;O
sich;O
hier;O
eintragen;O
und;O
sich;O
mit;O
den;O
Menschen;O
in;O
Verbindung;O
setzen;O
Alle;O
Infos;O
zur;O
benötigten;O
Ausrüstung;O
findet;O
Ihr;O
in;O
den;O
Datein;O
Gerne;O
wird;O
auch;O
Unterstützung;O
in;O
Form;O
von;O
Essen;O
und;O
Trinken;O
für;O
die;O
freiwilligen;O
Helfer;O
und;O
auch;O
für;O
Betroffenen;O
gerne;O
angenommen;O
wenn;O
wer;O
hilfe;O
braucht;O
bitte;O
Nachricht;O
an;O
Team;O
Österreich;LOC
damit;O
wir;O
auch;O
zum;O
Einsatz;O
kommen;O
bitte;O
Eine;O
richtig;O
sinnvolle;O
Seite;O
der;O
Piratenpartei;O
Wer;O
Hilfe;O
braucht;O
oder;O
leisten;O
kann;O
findet;O
hier;O
Kontakt;O
Wer;O
in;O
Dresden;LOC
Hilfe;O
benötigt;O
oder;O
geben;O
kann;O
dafür;O
wurde;O
eine;O
Facebookseite;O
eingerichtet;O
Freiwillige;O
Helfer;O
sollen;O
nicht;O
die;O
Notrufnummer;O
anrufen;O
um;O
Hilfe;O
anzubieten;O
bitten;O
die;O
Rettungsdienste;O
Diese;O
Nummer;O
wird;O
für;O
Notfälle;O
gebraucht;O
Anlaufstellen;O
und;O
Aufrufe;O
für;O
freiwillige;O
Helfer;O
werden;O
auch;O
auf;O
Facebook;O
ständig;O
mitgeteilt;O
Die;O
regionalen;O
Seiten;O
liefern;O
die;O
Information;O
BAYERN;LOC
SACHSEN;LOC
SACHSEN-ANHALT;LOC
Für;O
Niedersachsen;LOC
entwickelt;O
sich;O
das;O
gerade;O
AN;O
ALLE;O
TRUCKER;O
AN;O
ALLE;O
TRUCKER;O
WIR;O
BENÖTIGEN;O
WEITERE;O
HILFE;O
UM;O
DER;O
FLUT;O
ZU;O
ENTGEHEN;O
WIR;O
MÜSSEN;O
ÜBER;O
NACHT;O
WECHSELBRÜCKEN;O
CONTAINER;O
INNERHALB;O
VON;O
DRESDEN;LOC
UMSETZEN;O
Die;O
Aktion;O
läuft;O
zur;O
Zeit;O
schon;O
Jedoch;O
geht;O
es;O
nicht;O
so;O
schnell;O
wi;O
WO;O
HILFE;O
GEBRAUCHT;O
WIRD;O
Auf;O
der;O
Hedwigstr;LOC
an;O
der;O
Marienbrücke;LOC
Hafenstr;LOC
räumen;O
die;O
Menschen;O
in;O
den;O
EG;O
gerade;O
ihre;O
Wohnungen;O
Da;O
werden;O
sicher;O
helfende;O
Hände;O
gebraucht;O
Stadtteilhaus;O
Dresden;LOC
Äußere;O
Neustadt;LOC
Prießnitzstr;LOC
ab;O
Uhr;O
Transportkette;O
Sandsäcke;O
DD-Kleinzschachwitz;LOC
KLEINGARTENANLAGE;O
gegenüber;O
der;O
Elbinsel;O
neben;O
dem;O
FKK-WOSTRA-BAD;O
wird;O
geräumt;O
In;O
Niederwartha;LOC
Gärten;O
neben;O
dem;O
Schwimmbad;O
Cossebaude;LOC
Räumen;O
die;O
Menschen;O
ihre;O
Gartenlauben;O
aus;O
Dort;O
wird;O
auch;O
Hilfe;O
beim;O
Räumen;O
benötigt;O
LEIPZIGER;LOC
STRASSE;LOC
Freiland-Elbtal;LOC
e;O
V;O
Die;O
Fläche;O
an;O
der;O
Elbe;LOC
es;O
müssen;O
Habseligkeiten;O
und;O
Gerätschaften;O
gerettet;O
werden;O
HANSASTRASSE;LOC
DRESDEN;LOC
Hier;O
braucht;O
die;O
Sandsackfüllstation;O
jeden;O
Helfer;O
bitte;O
mit;O
Schaufel;O
kommen;O
FELSENKELLER;O
DRESDEN;LOC
Terrassenufer;O
Hier;O
müssen;O
Sandsäcke;O
befüllt;O
werden;O
eigene;O
Schaufel;O
mitbringen;O
THEATER;O
MEISSEN;LOC
LAUBEGAST;LOC
PIRNA;LOC
ALTSTADT;LOC
COSSEBAUDE;LOC
Sandsäcke;O
befüllen;O
ELBEGARTEN;O
AM;O
KÖRNERPLATZ;LOC
Braucht;O
Hilfe;O
beim;O
Evakuieren;O
Aktuell;O
werden;O
laut;O
THW;O
an;O
der;O
Altstadtbrücke;LOC
Sandsäcke;O
befüllt;O
Helfende;O
Hände;O
werden;O
dort;O
gesucht;O
Derzeit;O
noch;O
keine;O
Verpflegung;O
möglich;O
auch;O
wetterfeste;O
Kleidung;O
und;O
Gummistiefel;O
müssen;O
selbst;O
mitgebracht;O
werden;O
Infos;O
vor;O
ort;O
Wir;O
stehen;O
in;O
Verbindung;O
mit;O
der;O
regionalen;O
Feuerwehr;O
Diese;O
bitte;O
darum;O
eine;O
ungefähre;O
Helfer;O
innenzahl;O
bei;O
ihnen;O
zu;O
melden;O
um;O
konkret;O
koordinieren;O
zu;O
können;O
wieviele;O
Personen;O
wann;O
und;O
wo;O
eingesetzt;O
werden;O
können;O
Bitte;O
meldet;O
also;O
zurück;O
ob;O
und;O
wie;O
ihr;O
helfen;O
könnt;O
Auch;O
PKWs;O
wären;O
von;O
Vorteil;O
um;O
zu;O
den;O
Einsatzorten;O
zu;O
gelangen;O
Gesucht;O
werden;O
im;O
Moment;O
Helfergruppen;O
Weinhübel;LOC
Am;O
alten;O
Kulturhaus;O
Seidenbergerstr;LOC
und;O
Altstadt;O
Uferstraße;LOC
Ecke;O
Neißestraße;LOC
Wir;O
bitten;O
dringend;O
um;O
Rückmeldung;O
wer;O
wo;O
helfen;O
möchte;O
und;O
kann;O
Die;O
Feuerwehr;O
bittet;O
um;O
Rückmeldung;O
falls;O
sich;O
Helfer;O
innen;O
finden;O
denen;O
das;O
Sandsäcke;O
befüllen;O
nicht;O
so;O
liegt;O
würden;O
sich;O
die;O
Helfer;O
innen;O
vor;O
Ort;O
unter;O
Umständen;O
über;O
Verpflegung;O
belegte;O
Brote;O
Tee;O
oder;O
ähnliches;O
freuen;O
Wir;O
machen;O
uns;O
jetzt;O
auch;O
auf;O
den;O
Weg;O
zu;O
den;O
Einsatzorten;O
es;O
macht;O
den;O
Eindruck;O
in;O
Weinhübel;LOC
werden;O
noch;O
helfende;O
Hände;O
gebraucht;O
Heißt;O
wir;O
sind;O
nicht;O
permanent;O
online;O
versuchen;O
euch;O
aber;O
auf;O
dem;O
Laufendem;O
zu;O
halten;O
Info;O
von;O
einem;O
der;O
Helfer;O
an;O
der;O
Altstadtbrücke;LOC
es;O
werden;O
jetzt;O
noch;O
Sandsäcke;O
angeliefert;O
helfende;O
Hände;O
sind;O
immer;O
noch;O
herzlichst;O
willkommen;O
Wo;O
und;O
wobei;O
wird;O
denn;O
aktuell;O
Hilfe;O
benötigt;O
Habe;O
Zeit;O
PKW;O
nicht;O
geländetauglich;O
Anhänger;O
HP;O
handwerkliche;O
Fähigkeiten;O
und;O
ne;O
Schaufel;O
Kann;O
ich;O
was;O
sinnvolles;O
machen;O
so;O
Helfer;O
zur;O
Altstadtbrücke;LOC
unterwegs;O
Eintreffen;O
gegen;O
uhr;O
Werden;O
noch;O
Helfer;O
benötigt;O
an;O
der;O
Altstadtbrücke;LOC
Wird;O
irgendwo;O
noch;O
Hilfe;O
gebraucht;O
An;O
der;O
Obermühle;LOC
werden;O
zur;O
Absicherung;O
noch;O
Sandsäcke;O
benötigt;O
Sobald;O
wieder;O
Sand;O
vorhanden;O
ist;O
bitte;O
an;O
die;O
Obermühle;LOC
denken;O
ich;O
möchte;O
gerne;O
helfen;O
hab;O
grade;O
von;O
eurer;O
tollen;O
hilfsaktion;O
gelesen;O
nur;O
ist;O
die;O
frage;O
es;O
wird;O
dunkel;O
und;O
werden;O
noch;O
helfer;O
für;O
heute;O
gebraucht;O
In;O
der;O
Vierradenmühle;LOC
schöpfen;O
sie;O
wohl;O
mit;O
Eimern;O
das;O
Wasser;O
raus;O
Vielleicht;O
kann;O
da;O
wer;O
helfen;O
Wo;O
wird;O
Hilfe;O
benötigt;O
Wir;O
stehen;O
an;O
der;O
Altstadtbrücke;LOC
wird;O
an;O
der;O
obermühle;LOC
noch;O
hilfe;O
benötigt;O
aktueller;O
pegelstand;O
uhr;O
cm;O
kann;O
man;O
noch;O
irgendwo;O
helfen;O
